Country,Region,Date,Month,Sex,Age,AgeInt,Cases,Deaths
Germany,All,3/1/2020,March,b,  0,10,7.3,0
Germany,All,3/1/2020,March,b, 10,10,10.1,0
Germany,All,3/1/2020,March,b, 20,10,35.4,0
Germany,All,3/1/2020,March,b, 30,10,44.4,0
Germany,All,3/1/2020,March,b, 40,10,25.8,0
Germany,All,3/1/2020,March,b, 50,10,19,0
Germany,All,3/1/2020,March,b, 60,10,10,0
Germany,All,3/1/2020,March,b, 70,10,4,0
Germany,All,3/1/2020,March,b, 80,10,0,0
Germany,All,3/1/2020,March,b, 90,10,0,0
Germany,All,3/1/2020,March,b,100,5,0,0
Germany,All,3/2/2020,March,b,  0,10,7.2,0
Germany,All,3/2/2020,March,b, 10,10,11.4,0
Germany,All,3/2/2020,March,b, 20,10,43.2,0
Germany,All,3/2/2020,March,b, 30,10,54.7,0
Germany,All,3/2/2020,March,b, 40,10,31.8,0
Germany,All,3/2/2020,March,b, 50,10,25.6,0
Germany,All,3/2/2020,March,b, 60,10,15.5,0
Germany,All,3/2/2020,March,b, 70,10,6.5,0
Germany,All,3/2/2020,March,b, 80,10,.8,0
Germany,All,3/2/2020,March,b, 90,10,.2,0
Germany,All,3/2/2020,March,b,100,5,0,0
Germany,All,3/3/2020,March,b,  0,10,10.1,0
Germany,All,3/3/2020,March,b, 10,10,19.7,0
Germany,All,3/3/2020,March,b, 20,10,55.9,0
Germany,All,3/3/2020,March,b, 30,10,68.9,0
Germany,All,3/3/2020,March,b, 40,10,45.3,0
Germany,All,3/3/2020,March,b, 50,10,43.2,0
Germany,All,3/3/2020,March,b, 60,10,27.7,0
Germany,All,3/3/2020,March,b, 70,10,10.3,0
Germany,All,3/3/2020,March,b, 80,10,.9,0
Germany,All,3/3/2020,March,b, 90,10,.1,0
Germany,All,3/3/2020,March,b,100,5,0,0
Germany,All,3/4/2020,March,b,  0,10,11.1,0
Germany,All,3/4/2020,March,b, 10,10,26.2,0
Germany,All,3/4/2020,March,b, 20,10,83.5,0
Germany,All,3/4/2020,March,b, 30,10,115.2,0
Germany,All,3/4/2020,March,b, 40,10,77.4,0
Germany,All,3/4/2020,March,b, 50,10,66.5,0
Germany,All,3/4/2020,March,b, 60,10,36.5,0.1
Germany,All,3/4/2020,March,b, 70,10,14.5,0.9
Germany,All,3/4/2020,March,b, 80,10,4.3,0.3
Germany,All,3/4/2020,March,b, 90,10,.7,0.6
Germany,All,3/4/2020,March,b,100,5,0,0
Germany,All,3/5/2020,March,b,  0,10,16.9,0
Germany,All,3/5/2020,March,b, 10,10,33.8,0
Germany,All,3/5/2020,March,b, 20,10,115,0
Germany,All,3/5/2020,March,b, 30,10,169.3,0
Germany,All,3/5/2020,March,b, 40,10,114.7,0
Germany,All,3/5/2020,March,b, 50,10,95.3,0
Germany,All,3/5/2020,March,b, 60,10,49.3,0.1
Germany,All,3/5/2020,March,b, 70,10,18.7,0.9
Germany,All,3/5/2020,March,b, 80,10,6,0.6
Germany,All,3/5/2020,March,b, 90,10,1,1.3
Germany,All,3/5/2020,March,b,100,5,0,0
Germany,All,3/6/2020,March,b,  0,10,21.5,0
Germany,All,3/6/2020,March,b, 10,10,41.1,0
Germany,All,3/6/2020,March,b, 20,10,131,0
Germany,All,3/6/2020,March,b, 30,10,205.7,0
Germany,All,3/6/2020,March,b, 40,10,155.5,0
Germany,All,3/6/2020,March,b, 50,10,137.3,0
Germany,All,3/6/2020,March,b, 60,10,71.3,0.4
Germany,All,3/6/2020,March,b, 70,10,28.7,1.6
Germany,All,3/6/2020,March,b, 80,10,11.8,2.3
Germany,All,3/6/2020,March,b, 90,10,2.2,2.7
Germany,All,3/6/2020,March,b,100,5,0,0.1
Germany,All,3/7/2020,March,b,  0,10,23.8,0
Germany,All,3/7/2020,March,b, 10,10,49.9,0
Germany,All,3/7/2020,March,b, 20,10,149.6,0
Germany,All,3/7/2020,March,b, 30,10,230.4,0
Germany,All,3/7/2020,March,b, 40,10,180.6,0
Germany,All,3/7/2020,March,b, 50,10,169.7,0
Germany,All,3/7/2020,March,b, 60,10,91.4,1.4
Germany,All,3/7/2020,March,b, 70,10,35.6,3.6
Germany,All,3/7/2020,March,b, 80,10,13.7,3.6
Germany,All,3/7/2020,March,b, 90,10,2.3,2.4
Germany,All,3/7/2020,March,b,100,5,0,0
Germany,All,3/8/2020,March,b,  0,10,28.1,0
Germany,All,3/8/2020,March,b, 10,10,55.7,0
Germany,All,3/8/2020,March,b, 20,10,159.9,0
Germany,All,3/8/2020,March,b, 30,10,252.8,0
Germany,All,3/8/2020,March,b, 40,10,206.1,0.2
Germany,All,3/8/2020,March,b, 50,10,191.5,0.7
Germany,All,3/8/2020,March,b, 60,10,98.2,1.7
Germany,All,3/8/2020,March,b, 70,10,37.8,3.3
Germany,All,3/8/2020,March,b, 80,10,15.3,3.7
Germany,All,3/8/2020,March,b, 90,10,2.7,2.3
Germany,All,3/8/2020,March,b,100,5,0,0
Germany,All,3/9/2020,March,b,  0,10,36,0
Germany,All,3/9/2020,March,b, 10,10,72.7,0
Germany,All,3/9/2020,March,b, 20,10,202,0
Germany,All,3/9/2020,March,b, 30,10,331.6,0
Germany,All,3/9/2020,March,b, 40,10,285.3,0.2
Germany,All,3/9/2020,March,b, 50,10,263.5,0.8
Germany,All,3/9/2020,March,b, 60,10,128.7,2.7
Germany,All,3/9/2020,March,b, 70,10,49.3,5.3
Germany,All,3/9/2020,March,b, 80,10,21.9,6.3
Germany,All,3/9/2020,March,b, 90,10,4,3.6
Germany,All,3/9/2020,March,b,100,5,0,0.1
Germany,All,3/10/2020,March,b,  0,10,45.2,0
Germany,All,3/10/2020,March,b, 10,10,104.9,0
Germany,All,3/10/2020,March,b, 20,10,278.8,0
Germany,All,3/10/2020,March,b, 30,10,449.3,0
Germany,All,3/10/2020,March,b, 40,10,402.4,0.2
Germany,All,3/10/2020,March,b, 50,10,396.4,0.8
Germany,All,3/10/2020,March,b, 60,10,201.9,2.9
Germany,All,3/10/2020,March,b, 70,10,77.1,6.1
Germany,All,3/10/2020,March,b, 80,10,34,8.1
Germany,All,3/10/2020,March,b, 90,10,6,4.8
Germany,All,3/10/2020,March,b,100,5,0,0.1
Germany,All,3/11/2020,March,b,  0,10,61.2,0
Germany,All,3/11/2020,March,b, 10,10,145.6,0
Germany,All,3/11/2020,March,b, 20,10,375.3,0
Germany,All,3/11/2020,March,b, 30,10,590.7,0.1
Germany,All,3/11/2020,March,b, 40,10,540.3,0.3
Germany,All,3/11/2020,March,b, 50,10,570.8,1.6
Germany,All,3/11/2020,March,b, 60,10,306.1,5.4
Germany,All,3/11/2020,March,b, 70,10,111.9,9.6
Germany,All,3/11/2020,March,b, 80,10,44.2,10.8
Germany,All,3/11/2020,March,b, 90,10,6.8,5.1
Germany,All,3/11/2020,March,b,100,5,0,0.1
Germany,All,3/12/2020,March,b,  0,10,72.2,0
Germany,All,3/12/2020,March,b, 10,10,171.3,0
Germany,All,3/12/2020,March,b, 20,10,472.3,0
Germany,All,3/12/2020,March,b, 30,10,809.3,0.2
Germany,All,3/12/2020,March,b, 40,10,779.8,1
Germany,All,3/12/2020,March,b, 50,10,813.1,3.8
Germany,All,3/12/2020,March,b, 60,10,414.1,7.5
Germany,All,3/12/2020,March,b, 70,10,145.9,11.5
Germany,All,3/12/2020,March,b, 80,10,58,14.7
Germany,All,3/12/2020,March,b, 90,10,9,7.2
Germany,All,3/12/2020,March,b,100,5,0,0.1
Germany,All,3/13/2020,March,b,  0,10,86.1,0
Germany,All,3/13/2020,March,b, 10,10,237.9,0
Germany,All,3/13/2020,March,b, 20,10,638.7,0
Germany,All,3/13/2020,March,b, 30,10,1096.4,0.3
Germany,All,3/13/2020,March,b, 40,10,1104.3,1.5
Germany,All,3/13/2020,March,b, 50,10,1161.7,5.2
Germany,All,3/13/2020,March,b, 60,10,574.2,8.6
Germany,All,3/13/2020,March,b, 70,10,199.8,13.4
Germany,All,3/13/2020,March,b, 80,10,81.9,20.9
Germany,All,3/13/2020,March,b, 90,10,13,11.9
Germany,All,3/13/2020,March,b,100,5,.1,0.2
Germany,All,3/14/2020,March,b,  0,10,111.6,0
Germany,All,3/14/2020,March,b, 10,10,287.7,0
Germany,All,3/14/2020,March,b, 20,10,802,0
Germany,All,3/14/2020,March,b, 30,10,1413.6,0.3
Germany,All,3/14/2020,March,b, 40,10,1401.8,1.5
Germany,All,3/14/2020,March,b, 50,10,1429.3,6.2
Germany,All,3/14/2020,March,b, 60,10,692.5,11.5
Germany,All,3/14/2020,March,b, 70,10,241.5,18.5
Germany,All,3/14/2020,March,b, 80,10,101.5,28.3
Germany,All,3/14/2020,March,b, 90,10,16.4,15.4
Germany,All,3/14/2020,March,b,100,5,.1,0.2
Germany,All,3/15/2020,March,b,  0,10,124.9,0
Germany,All,3/15/2020,March,b, 10,10,318.5,0
Germany,All,3/15/2020,March,b, 20,10,916.9,0
Germany,All,3/15/2020,March,b, 30,10,1653.1,0.4
Germany,All,3/15/2020,March,b, 40,10,1628.9,1.9
Germany,All,3/15/2020,March,b, 50,10,1622.6,7.7
Germany,All,3/15/2020,March,b, 60,10,779.8,13.6
Germany,All,3/15/2020,March,b, 70,10,282.4,21.4
Germany,All,3/15/2020,March,b, 80,10,127.7,33.4
Germany,All,3/15/2020,March,b, 90,10,22.2,18.4
Germany,All,3/15/2020,March,b,100,5,.1,0.3
Germany,All,3/16/2020,March,b,  0,10,147.3,0
Germany,All,3/16/2020,March,b, 10,10,394.5,0
Germany,All,3/16/2020,March,b, 20,10,1167.7,0
Germany,All,3/16/2020,March,b, 30,10,2110.7,0.4
Germany,All,3/16/2020,March,b, 40,10,2064.5,2.3
Germany,All,3/16/2020,March,b, 50,10,2064.1,10.3
Germany,All,3/16/2020,March,b, 60,10,1007,20.3
Germany,All,3/16/2020,March,b, 70,10,370.1,31.7
Germany,All,3/16/2020,March,b, 80,10,169.2,45.3
Germany,All,3/16/2020,March,b, 90,10,29.6,22.4
Germany,All,3/16/2020,March,b,100,5,.2,0.3
Germany,All,3/17/2020,March,b,  0,10,191.5,0
Germany,All,3/17/2020,March,b, 10,10,521.3,0
Germany,All,3/17/2020,March,b, 20,10,1562.2,0
Germany,All,3/17/2020,March,b, 30,10,2817.4,0.4
Germany,All,3/17/2020,March,b, 40,10,2711.6,2.5
Germany,All,3/17/2020,March,b, 50,10,2667.7,12.1
Germany,All,3/17/2020,March,b, 60,10,1306.9,27.1
Germany,All,3/17/2020,March,b, 70,10,500.4,43.9
Germany,All,3/17/2020,March,b, 80,10,244.2,61.7
Germany,All,3/17/2020,March,b, 90,10,45.5,28.9
Germany,All,3/17/2020,March,b,100,5,.3,0.4
Germany,All,3/18/2020,March,b,  0,10,247.6,0
Germany,All,3/18/2020,March,b, 10,10,619,0.1
Germany,All,3/18/2020,March,b, 20,10,2017.2,0.4
Germany,All,3/18/2020,March,b, 30,10,3742.9,1.3
Germany,All,3/18/2020,March,b, 40,10,3455.8,3.5
Germany,All,3/18/2020,March,b, 50,10,3355,14.8
Germany,All,3/18/2020,March,b, 60,10,1695.8,36.6
Germany,All,3/18/2020,March,b, 70,10,664.7,62.4
Germany,All,3/18/2020,March,b, 80,10,323.3,84.7
Germany,All,3/18/2020,March,b, 90,10,59.4,36.9
Germany,All,3/18/2020,March,b,100,5,.4,0.4
Germany,All,3/19/2020,March,b,  0,10,298.1,0
Germany,All,3/19/2020,March,b, 10,10,719.7,0.1
Germany,All,3/19/2020,March,b, 20,10,2528.5,0.8
Germany,All,3/19/2020,March,b, 30,10,4787.3,2.2
Germany,All,3/19/2020,March,b, 40,10,4266.2,5
Germany,All,3/19/2020,March,b, 50,10,4114.5,18.8
Germany,All,3/19/2020,March,b, 60,10,2153.2,44.5
Germany,All,3/19/2020,March,b, 70,10,870.4,76.5
Germany,All,3/19/2020,March,b, 80,10,426.5,107.9
Germany,All,3/19/2020,March,b, 90,10,78.1,48.5
Germany,All,3/19/2020,March,b,100,5,.5,0.6
Germany,All,3/20/2020,March,b,  0,10,350.7,0
Germany,All,3/20/2020,March,b, 10,10,877.9,0.1
Germany,All,3/20/2020,March,b, 20,10,3067.2,0.8
Germany,All,3/20/2020,March,b, 30,10,5715.9,2.5
Germany,All,3/20/2020,March,b, 40,10,5039.7,6.2
Germany,All,3/20/2020,March,b, 50,10,4875.8,24.3
Germany,All,3/20/2020,March,b, 60,10,2604.1,56.3
Germany,All,3/20/2020,March,b, 70,10,1094.4,97.7
Germany,All,3/20/2020,March,b, 80,10,560.6,144.3
Germany,All,3/20/2020,March,b, 90,10,106.9,67.8
Germany,All,3/20/2020,March,b,100,5,.7,0.9
Germany,All,3/21/2020,March,b,  0,10,406.9,0
Germany,All,3/21/2020,March,b, 10,10,983.2,0.1
Germany,All,3/21/2020,March,b, 20,10,3510.3,0.8
Germany,All,3/21/2020,March,b, 30,10,6526.5,2.6
Germany,All,3/21/2020,March,b, 40,10,5622.4,6.9
Germany,All,3/21/2020,March,b, 50,10,5456.8,28.6
Germany,All,3/21/2020,March,b, 60,10,3013.5,69.6
Germany,All,3/21/2020,March,b, 70,10,1312.1,123.4
Germany,All,3/21/2020,March,b, 80,10,685.9,180
Germany,All,3/21/2020,March,b, 90,10,132.5,82
Germany,All,3/21/2020,March,b,100,5,.9,1
Germany,All,3/22/2020,March,b,  0,10,438.6,0
Germany,All,3/22/2020,March,b, 10,10,1042.8,0.1
Germany,All,3/22/2020,March,b, 20,10,3784.9,0.8
Germany,All,3/22/2020,March,b, 30,10,7070.7,2.8
Germany,All,3/22/2020,March,b, 40,10,6037.8,8.2
Germany,All,3/22/2020,March,b, 50,10,5859.7,35.1
Germany,All,3/22/2020,March,b, 60,10,3285.8,84.3
Germany,All,3/22/2020,March,b, 70,10,1463.2,144.7
Germany,All,3/22/2020,March,b, 80,10,780.2,204.1
Germany,All,3/22/2020,March,b, 90,10,153.2,89.8
Germany,All,3/22/2020,March,b,100,5,1,1.1
Germany,All,3/23/2020,March,b,  0,10,500.3,0
Germany,All,3/23/2020,March,b, 10,10,1152.9,0.2
Germany,All,3/23/2020,March,b, 20,10,4237.7,1.2
Germany,All,3/23/2020,March,b, 30,10,7925.9,3.8
Germany,All,3/23/2020,March,b, 40,10,6694.5,10.2
Germany,All,3/23/2020,March,b, 50,10,6535.1,42.5
Germany,All,3/23/2020,March,b, 60,10,3758.3,103.6
Germany,All,3/23/2020,March,b, 70,10,1719.9,180.4
Germany,All,3/23/2020,March,b, 80,10,932.8,251.8
Germany,All,3/23/2020,March,b, 90,10,185.4,107.9
Germany,All,3/23/2020,March,b,100,5,1.2,1.3
Germany,All,3/24/2020,March,b,  0,10,582.4,0
Germany,All,3/24/2020,March,b, 10,10,1285.8,0.2
Germany,All,3/24/2020,March,b, 20,10,4831.2,1.2
Germany,All,3/24/2020,March,b, 30,10,9085.5,3.9
Germany,All,3/24/2020,March,b, 40,10,7547.6,10.8
Germany,All,3/24/2020,March,b, 50,10,7362.7,47.9
Germany,All,3/24/2020,March,b, 60,10,4350.5,126.1
Germany,All,3/24/2020,March,b, 70,10,2074.8,228.9
Germany,All,3/24/2020,March,b, 80,10,1167.5,316.4
Germany,All,3/24/2020,March,b, 90,10,239.4,131.1
Germany,All,3/24/2020,March,b,100,5,1.6,1.5
Germany,All,3/25/2020,March,b,  0,10,652.3,0
Germany,All,3/25/2020,March,b, 10,10,1478.3,0.2
Germany,All,3/25/2020,March,b, 20,10,5508.4,1.1
Germany,All,3/25/2020,March,b, 30,10,10299.1,4.6
Germany,All,3/25/2020,March,b, 40,10,8587.2,14.8
Germany,All,3/25/2020,March,b, 50,10,8434.7,67.3
Germany,All,3/25/2020,March,b, 60,10,5045.2,162.9
Germany,All,3/25/2020,March,b, 70,10,2470.2,278.1
Germany,All,3/25/2020,March,b, 80,10,1436.3,386.9
Germany,All,3/25/2020,March,b, 90,10,304.2,165.2
Germany,All,3/25/2020,March,b,100,5,2.1,1.9
Germany,All,3/26/2020,March,b,  0,10,743.7,0
Germany,All,3/26/2020,March,b, 10,10,1637,0.2
Germany,All,3/26/2020,March,b, 20,10,6213.2,1.5
Germany,All,3/26/2020,March,b, 30,10,11661.3,5.9
Germany,All,3/26/2020,March,b, 40,10,9589.8,18.1
Germany,All,3/26/2020,March,b, 50,10,9418.2,81.3
Germany,All,3/26/2020,March,b, 60,10,5771.5,201
Germany,All,3/26/2020,March,b, 70,10,2936.5,349
Germany,All,3/26/2020,March,b, 80,10,1768.6,482.5
Germany,All,3/26/2020,March,b, 90,10,386.4,202.1
Germany,All,3/26/2020,March,b,100,5,2.7,2.3
Germany,All,3/27/2020,March,b,  0,10,837.1,0
Germany,All,3/27/2020,March,b, 10,10,1812.3,0.2
Germany,All,3/27/2020,March,b, 20,10,6908.6,1.5
Germany,All,3/27/2020,March,b, 30,10,12943,6.1
Germany,All,3/27/2020,March,b, 40,10,10562.9,20.2
Germany,All,3/27/2020,March,b, 50,10,10418.3,94
Germany,All,3/27/2020,March,b, 60,10,6534.7,236.5
Germany,All,3/27/2020,March,b, 70,10,3454.3,416.5
Germany,All,3/27/2020,March,b, 80,10,2160.7,582.8
Germany,All,3/27/2020,March,b, 90,10,488.5,246.4
Germany,All,3/27/2020,March,b,100,5,3.6,2.8
Germany,All,3/28/2020,March,b,  0,10,919.5,0
Germany,All,3/28/2020,March,b, 10,10,1968.5,0.2
Germany,All,3/28/2020,March,b, 20,10,7482.2,1.5
Germany,All,3/28/2020,March,b, 30,10,13929.7,6.4
Germany,All,3/28/2020,March,b, 40,10,11283.2,22.1
Germany,All,3/28/2020,March,b, 50,10,11159.8,104.9
Germany,All,3/28/2020,March,b, 60,10,7127.1,263.8
Germany,All,3/28/2020,March,b, 70,10,3888.1,471.2
Germany,All,3/28/2020,March,b, 80,10,2512.2,681.9
Germany,All,3/28/2020,March,b, 90,10,585.4,299.5
Germany,All,3/28/2020,March,b,100,5,4.4,3.6
Germany,All,3/29/2020,March,b,  0,10,962.4,0
Germany,All,3/29/2020,March,b, 10,10,2055,0.2
Germany,All,3/29/2020,March,b, 20,10,7849.6,1.5
Germany,All,3/29/2020,March,b, 30,10,14613.2,6.4
Germany,All,3/29/2020,March,b, 40,10,11782,22.7
Germany,All,3/29/2020,March,b, 50,10,11645.3,110.2
Germany,All,3/29/2020,March,b, 60,10,7497.2,283.5
Germany,All,3/29/2020,March,b, 70,10,4157.2,514.5
Germany,All,3/29/2020,March,b, 80,10,2733.6,747.4
Germany,All,3/29/2020,March,b, 90,10,647.5,327.7
Germany,All,3/29/2020,March,b,100,5,4.9,3.9
Germany,All,3/30/2020,March,b,  0,10,1008.3,0
Germany,All,3/30/2020,March,b, 10,10,2163.4,0.2
Germany,All,3/30/2020,March,b, 20,10,8307.2,1.5
Germany,All,3/30/2020,March,b, 30,10,15475.3,6.8
Germany,All,3/30/2020,March,b, 40,10,12440.6,25.4
Germany,All,3/30/2020,March,b, 50,10,12297.5,125.2
Germany,All,3/30/2020,March,b, 60,10,7998.8,317
Germany,All,3/30/2020,March,b, 70,10,4545.7,572
Germany,All,3/30/2020,March,b, 80,10,3077.9,846.2
Germany,All,3/30/2020,March,b, 90,10,750.4,381.2
Germany,All,3/30/2020,March,b,100,5,5.8,4.6
Germany,All,3/31/2020,March,b,  0,10,1109.5,0
Germany,All,3/31/2020,March,b, 10,10,2381.1,0.2
Germany,All,3/31/2020,March,b, 20,10,8985.1,1.8
Germany,All,3/31/2020,March,b, 30,10,16606.3,8.1
Germany,All,3/31/2020,March,b, 40,10,13388,28.5
Germany,All,3/31/2020,March,b, 50,10,13297,138.4
Germany,All,3/31/2020,March,b, 60,10,8740.2,359.4
Germany,All,3/31/2020,March,b, 70,10,5111.6,667.6
Germany,All,3/31/2020,March,b, 80,10,3595.7,995.7
Germany,All,3/31/2020,March,b, 90,10,911.2,446.9
Germany,All,3/31/2020,March,b,100,5,7.3,5.4
Germany,All,4/1/2020,April,b,  0,10,1223.9,0
Germany,All,4/1/2020,April,b, 10,10,2583.6,0.3
Germany,All,4/1/2020,April,b, 20,10,9679,2.3
Germany,All,4/1/2020,April,b, 30,10,17827.2,9.2
Germany,All,4/1/2020,April,b, 40,10,14341.4,30.2
Germany,All,4/1/2020,April,b, 50,10,14271,145
Germany,All,4/1/2020,April,b, 60,10,9497.4,391.7
Germany,All,4/1/2020,April,b, 70,10,5718.9,762.3
Germany,All,4/1/2020,April,b, 80,10,4167.2,1159.1
Germany,All,4/1/2020,April,b, 90,10,1093.3,522.6
Germany,All,4/1/2020,April,b,100,5,9,6.3
Germany,All,4/2/2020,April,b,  0,10,1321.5,0
Germany,All,4/2/2020,April,b, 10,10,2773.3,0.3
Germany,All,4/2/2020,April,b, 20,10,10396.5,2.2
Germany,All,4/2/2020,April,b, 30,10,19142.2,9.5
Germany,All,4/2/2020,April,b, 40,10,15349.8,32.6
Germany,All,4/2/2020,April,b, 50,10,15255.6,158.4
Germany,All,4/2/2020,April,b, 60,10,10253.7,426.6
Germany,All,4/2/2020,April,b, 70,10,6355.7,843.4
Germany,All,4/2/2020,April,b, 80,10,4805.4,1333
Germany,All,4/2/2020,April,b, 90,10,1308.2,629.1
Germany,All,4/2/2020,April,b,100,5,11,7.9
Germany,All,4/3/2020,April,b,  0,10,1422.9,0
Germany,All,4/3/2020,April,b, 10,10,2969.8,0.4
Germany,All,4/3/2020,April,b, 20,10,11067.7,3.1
Germany,All,4/3/2020,April,b, 30,10,20324.8,11.7
Germany,All,4/3/2020,April,b, 40,10,16278.5,35.7
Germany,All,4/3/2020,April,b, 50,10,16166.8,164.1
Germany,All,4/3/2020,April,b, 60,10,10946.7,450.9
Germany,All,4/3/2020,April,b, 70,10,6965.9,931.1
Germany,All,4/3/2020,April,b, 80,10,5459,1507.9
Germany,All,4/3/2020,April,b, 90,10,1541.5,720
Germany,All,4/3/2020,April,b,100,5,13.4,9.1
Germany,All,4/4/2020,April,b,  0,10,1493.3,0
Germany,All,4/4/2020,April,b, 10,10,3129.4,0.4
Germany,All,4/4/2020,April,b, 20,10,11538.4,3.1
Germany,All,4/4/2020,April,b, 30,10,21100.2,11.9
Germany,All,4/4/2020,April,b, 40,10,16951.5,36.7
Germany,All,4/4/2020,April,b, 50,10,16868.9,170.9
Germany,All,4/4/2020,April,b, 60,10,11449.6,472.6
Germany,All,4/4/2020,April,b, 70,10,7372.1,984.4
Germany,All,4/4/2020,April,b, 80,10,5883.4,1611.4
Germany,All,4/4/2020,April,b, 90,10,1693.6,777.8
Germany,All,4/4/2020,April,b,100,5,14.9,9.9
Germany,All,4/5/2020,April,b,  0,10,1538.9,0
Germany,All,4/5/2020,April,b, 10,10,3190.2,0.4
Germany,All,4/5/2020,April,b, 20,10,11807.3,3.1
Germany,All,4/5/2020,April,b, 30,10,21640.9,11.9
Germany,All,4/5/2020,April,b, 40,10,17340.6,37.1
Germany,All,4/5/2020,April,b, 50,10,17216.6,174.5
Germany,All,4/5/2020,April,b, 60,10,11720.1,487.4
Germany,All,4/5/2020,April,b, 70,10,7622.5,1025.6
Germany,All,4/5/2020,April,b, 80,10,6160.9,1690.6
Germany,All,4/5/2020,April,b, 90,10,1796,820
Germany,All,4/5/2020,April,b,100,5,16,10.5
Germany,All,4/6/2020,April,b,  0,10,1595.7,0
Germany,All,4/6/2020,April,b, 10,10,3288.4,0.4
Germany,All,4/6/2020,April,b, 20,10,12209.1,3
Germany,All,4/6/2020,April,b, 30,10,22382,12.2
Germany,All,4/6/2020,April,b, 40,10,17867.2,39
Germany,All,4/6/2020,April,b, 50,10,17714.9,185.3
Germany,All,4/6/2020,April,b, 60,10,12129.1,515.6
Germany,All,4/6/2020,April,b, 70,10,8000.6,1085.4
Germany,All,4/6/2020,April,b, 80,10,6572.9,1807.9
Germany,All,4/6/2020,April,b, 90,10,1946.6,889.6
Germany,All,4/6/2020,April,b,100,5,17.5,11.5
Germany,All,4/7/2020,April,b,  0,10,1705.2,0
Germany,All,4/7/2020,April,b, 10,10,3433.7,0.4
Germany,All,4/7/2020,April,b, 20,10,12762.3,3.4
Germany,All,4/7/2020,April,b, 30,10,23460.8,13.6
Germany,All,4/7/2020,April,b, 40,10,18682.5,42.6
Germany,All,4/7/2020,April,b, 50,10,18463.6,197.9
Germany,All,4/7/2020,April,b, 60,10,12678.4,544.9
Germany,All,4/7/2020,April,b, 70,10,8478.4,1152.1
Germany,All,4/7/2020,April,b, 80,10,7097.3,1944.6
Germany,All,4/7/2020,April,b, 90,10,2142.3,971.7
Germany,All,4/7/2020,April,b,100,5,19.6,12.7
Germany,All,4/8/2020,April,b,  0,10,1790.4,1
Germany,All,4/8/2020,April,b, 10,10,3592.7,0.8
Germany,All,4/8/2020,April,b, 20,10,13321.5,4.1
Germany,All,4/8/2020,April,b, 30,10,24494.1,13.8
Germany,All,4/8/2020,April,b, 40,10,19507.9,44.3
Germany,All,4/8/2020,April,b, 50,10,19238.8,214
Germany,All,4/8/2020,April,b, 60,10,13228.5,581.9
Germany,All,4/8/2020,April,b, 70,10,8968.7,1209.1
Germany,All,4/8/2020,April,b, 80,10,7670.3,2070.6
Germany,All,4/8/2020,April,b, 90,10,2368.1,1066.1
Germany,All,4/8/2020,April,b,100,5,22,14.2
Germany,All,4/9/2020,April,b,  0,10,1852,1
Germany,All,4/9/2020,April,b, 10,10,3749.8,0.8
Germany,All,4/9/2020,April,b, 20,10,13895.1,4.1
Germany,All,4/9/2020,April,b, 30,10,25487.2,14.2
Germany,All,4/9/2020,April,b, 40,10,20247.9,46.7
Germany,All,4/9/2020,April,b, 50,10,19916.2,228.3
Germany,All,4/9/2020,April,b, 60,10,13720.4,615.5
Germany,All,4/9/2020,April,b, 70,10,9422.9,1272.5
Germany,All,4/9/2020,April,b, 80,10,8213.6,2196.8
Germany,All,4/9/2020,April,b, 90,10,2586.4,1146.7
Germany,All,4/9/2020,April,b,100,5,24.4,15.5
Germany,All,4/10/2020,April,b,  0,10,1914,1
Germany,All,4/10/2020,April,b, 10,10,3846.8,0.7
Germany,All,4/10/2020,April,b, 20,10,14262,4.1
Germany,All,4/10/2020,April,b, 30,10,26174.9,14.3
Germany,All,4/10/2020,April,b, 40,10,20749.1,47.6
Germany,All,4/10/2020,April,b, 50,10,20347.2,234.3
Germany,All,4/10/2020,April,b, 60,10,14033.6,632.8
Germany,All,4/10/2020,April,b, 70,10,9737.9,1313.2
Germany,All,4/10/2020,April,b, 80,10,8618.9,2283.6
Germany,All,4/10/2020,April,b, 90,10,2757.4,1202.1
Germany,All,4/10/2020,April,b,100,5,26.3,16.3
Germany,All,4/11/2020,April,b,  0,10,1986.5,1
Germany,All,4/11/2020,April,b, 10,10,3948,0.7
Germany,All,4/11/2020,April,b, 20,10,14591.7,4.1
Germany,All,4/11/2020,April,b, 30,10,26757.6,14.3
Germany,All,4/11/2020,April,b, 40,10,21168.9,48.2
Germany,All,4/11/2020,April,b, 50,10,20694.3,238.7
Germany,All,4/11/2020,April,b, 60,10,14277.2,648.2
Germany,All,4/11/2020,April,b, 70,10,10001.2,1353.8
Germany,All,4/11/2020,April,b, 80,10,8985.7,2369.7
Germany,All,4/11/2020,April,b, 90,10,2920.7,1255.1
Germany,All,4/11/2020,April,b,100,5,28.2,17.1
Germany,All,4/12/2020,April,b,  0,10,2008,1
Germany,All,4/12/2020,April,b, 10,10,4003.2,0.7
Germany,All,4/12/2020,April,b, 20,10,14794.2,4.1
Germany,All,4/12/2020,April,b, 30,10,27112.5,14.3
Germany,All,4/12/2020,April,b, 40,10,21424.5,48.3
Germany,All,4/12/2020,April,b, 50,10,20900.5,240.5
Germany,All,4/12/2020,April,b, 60,10,14428,658.4
Germany,All,4/12/2020,April,b, 70,10,10191.5,1387.6
Germany,All,4/12/2020,April,b, 80,10,9276.8,2445.2
Germany,All,4/12/2020,April,b, 90,10,3057.1,1301.9
Germany,All,4/12/2020,April,b,100,5,29.8,17.8
Germany,All,4/13/2020,April,b,  0,10,2031.2,1
Germany,All,4/13/2020,April,b, 10,10,4057.6,0.8
Germany,All,4/13/2020,April,b, 20,10,14969.7,4.5
Germany,All,4/13/2020,April,b, 30,10,27386,15.4
Germany,All,4/13/2020,April,b, 40,10,21617.9,49.9
Germany,All,4/13/2020,April,b, 50,10,21080.8,243.4
Germany,All,4/13/2020,April,b, 60,10,14581,670.8
Germany,All,4/13/2020,April,b, 70,10,10370.8,1429.2
Germany,All,4/13/2020,April,b, 80,10,9528.2,2517.8
Germany,All,4/13/2020,April,b, 90,10,3169.7,1332.1
Germany,All,4/13/2020,April,b,100,5,31.2,18.2
Germany,All,4/14/2020,April,b,  0,10,2079.8,1
Germany,All,4/14/2020,April,b, 10,10,4141.3,0.8
Germany,All,4/14/2020,April,b, 20,10,15250,4.5
Germany,All,4/14/2020,April,b, 30,10,27858.7,15.6
Germany,All,4/14/2020,April,b, 40,10,21953.4,51.1
Germany,All,4/14/2020,April,b, 50,10,21376.9,251
Germany,All,4/14/2020,April,b, 60,10,14808.2,690.6
Germany,All,4/14/2020,April,b, 70,10,10613.6,1471.4
Germany,All,4/14/2020,April,b, 80,10,9858,2606.4
Germany,All,4/14/2020,April,b, 90,10,3316.2,1389.6
Germany,All,4/14/2020,April,b,100,5,32.9,19.1
Germany,All,4/15/2020,April,b,  0,10,2128.2,1
Germany,All,4/15/2020,April,b, 10,10,4253.2,0.8
Germany,All,4/15/2020,April,b, 20,10,15625.6,4.5
Germany,All,4/15/2020,April,b, 30,10,28496,15.7
Germany,All,4/15/2020,April,b, 40,10,22440.1,52.1
Germany,All,4/15/2020,April,b, 50,10,21820.4,257
Germany,All,4/15/2020,April,b, 60,10,15124,707.4
Germany,All,4/15/2020,April,b, 70,10,10923.2,1512.6
Germany,All,4/15/2020,April,b, 80,10,10269.3,2701.4
Germany,All,4/15/2020,April,b, 90,10,3498.9,1454.5
Germany,All,4/15/2020,April,b,100,5,35,20.1
Germany,All,4/16/2020,April,b,  0,10,2201.5,1
Germany,All,4/16/2020,April,b, 10,10,4368.2,0.8
Germany,All,4/16/2020,April,b, 20,10,16054.3,4.5
Germany,All,4/16/2020,April,b, 30,10,29255.4,15.8
Germany,All,4/16/2020,April,b, 40,10,22962.4,52.9
Germany,All,4/16/2020,April,b, 50,10,22272.8,263
Germany,All,4/16/2020,April,b, 60,10,15448.7,725.9
Germany,All,4/16/2020,April,b, 70,10,11206.5,1554.1
Germany,All,4/16/2020,April,b, 80,10,10595.1,2779.1
Germany,All,4/16/2020,April,b, 90,10,3629.8,1498.2
Germany,All,4/16/2020,April,b,100,5,36.5,20.7
Germany,All,4/17/2020,April,b,  0,10,2265.4,1
Germany,All,4/17/2020,April,b, 10,10,4500.9,0.9
Germany,All,4/17/2020,April,b, 20,10,16469.5,4.9
Germany,All,4/17/2020,April,b, 30,10,29884.8,17
Germany,All,4/17/2020,April,b, 40,10,23394.9,55.1
Germany,All,4/17/2020,April,b, 50,10,22659.7,268.2
Germany,All,4/17/2020,April,b, 60,10,15727.2,737.2
Germany,All,4/17/2020,April,b, 70,10,11462.2,1586.8
Germany,All,4/17/2020,April,b, 80,10,10911.7,2852.6
Germany,All,4/17/2020,April,b, 90,10,3764.7,1544
Germany,All,4/17/2020,April,b,100,5,38,21.4
Germany,All,4/18/2020,April,b,  0,10,2314.9,1
Germany,All,4/18/2020,April,b, 10,10,4581.9,0.9
Germany,All,4/18/2020,April,b, 20,10,16739.7,4.9
Germany,All,4/18/2020,April,b, 30,10,30316.7,17.2
Germany,All,4/18/2020,April,b, 40,10,23680.6,56.5
Germany,All,4/18/2020,April,b, 50,10,22920.5,275.7
Germany,All,4/18/2020,April,b, 60,10,15934.2,752.8
Germany,All,4/18/2020,April,b, 70,10,11657.1,1610.2
Germany,All,4/18/2020,April,b, 80,10,11143.1,2896
Germany,All,4/18/2020,April,b, 90,10,3859.2,1573.1
Germany,All,4/18/2020,April,b,100,5,39.1,21.9
Germany,All,4/19/2020,April,b,  0,10,2338.1,1
Germany,All,4/19/2020,April,b, 10,10,4620.4,0.9
Germany,All,4/19/2020,April,b, 20,10,16896.7,4.8
Germany,All,4/19/2020,April,b, 30,10,30599.5,17.2
Germany,All,4/19/2020,April,b, 40,10,23865.9,56.8
Germany,All,4/19/2020,April,b, 50,10,23072.9,278.3
Germany,All,4/19/2020,April,b, 60,10,16055.8,763.1
Germany,All,4/19/2020,April,b, 70,10,11794,1636.9
Germany,All,4/19/2020,April,b, 80,10,11334.3,2946.4
Germany,All,4/19/2020,April,b, 90,10,3946.3,1600.4
Germany,All,4/19/2020,April,b,100,5,40.1,22.2
Germany,All,4/20/2020,April,b,  0,10,2377.7,1
Germany,All,4/20/2020,April,b, 10,10,4660.9,1
Germany,All,4/20/2020,April,b, 20,10,17081.3,5.7
Germany,All,4/20/2020,April,b, 30,10,30970.7,19.3
Germany,All,4/20/2020,April,b, 40,10,24107.2,58.9
Germany,All,4/20/2020,April,b, 50,10,23263.4,277.1
Germany,All,4/20/2020,April,b, 60,10,16206.2,765.5
Germany,All,4/20/2020,April,b, 70,10,11960.8,1673.5
Germany,All,4/20/2020,April,b, 80,10,11563.6,3018.8
Germany,All,4/20/2020,April,b, 90,10,4049.9,1627.7
Germany,All,4/20/2020,April,b,100,5,41.4,22.5
Germany,All,4/21/2020,April,b,  0,10,2432,1
Germany,All,4/21/2020,April,b, 10,10,4772.2,1.1
Germany,All,4/21/2020,April,b, 20,10,17372.4,6.6
Germany,All,4/21/2020,April,b, 30,10,31364.7,21.4
Germany,All,4/21/2020,April,b, 40,10,24401.2,61.5
Germany,All,4/21/2020,April,b, 50,10,23550,278.4
Germany,All,4/21/2020,April,b, 60,10,16413.3,769.8
Germany,All,4/21/2020,April,b, 70,10,12154.1,1704.2
Germany,All,4/21/2020,April,b, 80,10,11813.6,3083.2
Germany,All,4/21/2020,April,b, 90,10,4160.8,1657
Germany,All,4/21/2020,April,b,100,5,42.7,22.8
Germany,All,4/22/2020,April,b,  0,10,2499.6,1
Germany,All,4/22/2020,April,b, 10,10,4852.2,1.1
Germany,All,4/22/2020,April,b, 20,10,17694.8,6.6
Germany,All,4/22/2020,April,b, 30,10,31946.9,21.4
Germany,All,4/22/2020,April,b, 40,10,24755,61.9
Germany,All,4/22/2020,April,b, 50,10,23820.4,281
Germany,All,4/22/2020,April,b, 60,10,16619.4,778.5
Germany,All,4/22/2020,April,b, 70,10,12366.3,1728.5
Germany,All,4/22/2020,April,b, 80,10,12089.7,3138.2
Germany,All,4/22/2020,April,b, 90,10,4281.6,1692.5
Germany,All,4/22/2020,April,b,100,5,44.1,23.3
Germany,All,4/23/2020,April,b,  0,10,2559.1,1
Germany,All,4/23/2020,April,b, 10,10,4950.4,1.2
Germany,All,4/23/2020,April,b, 20,10,17959.9,7
Germany,All,4/23/2020,April,b, 30,10,32333.5,22.5
Germany,All,4/23/2020,April,b, 40,10,25033.2,63
Germany,All,4/23/2020,April,b, 50,10,24069.5,281.4
Germany,All,4/23/2020,April,b, 60,10,16796.4,783
Germany,All,4/23/2020,April,b, 70,10,12549.4,1755
Germany,All,4/23/2020,April,b, 80,10,12350.9,3193.4
Germany,All,4/23/2020,April,b, 90,10,4405,1719
Germany,All,4/23/2020,April,b,100,5,45.6,23.7
Germany,All,4/24/2020,April,b,  0,10,2623,1
Germany,All,4/24/2020,April,b, 10,10,5031,1.2
Germany,All,4/24/2020,April,b, 20,10,18239.1,7
Germany,All,4/24/2020,April,b, 30,10,32766.3,22.5
Germany,All,4/24/2020,April,b, 40,10,25270.3,63.4
Germany,All,4/24/2020,April,b, 50,10,24267.9,283.9
Germany,All,4/24/2020,April,b, 60,10,16971.5,790.9
Germany,All,4/24/2020,April,b, 70,10,12719.3,1773.1
Germany,All,4/24/2020,April,b, 80,10,12542.4,3227.8
Germany,All,4/24/2020,April,b, 90,10,4478.7,1738.3
Germany,All,4/24/2020,April,b,100,5,46.4,23.9
Germany,All,4/25/2020,April,b,  0,10,2660.8,1
Germany,All,4/25/2020,April,b, 10,10,5075.1,1.2
Germany,All,4/25/2020,April,b, 20,10,18396.6,7
Germany,All,4/25/2020,April,b, 30,10,33037.4,22.6
Germany,All,4/25/2020,April,b, 40,10,25439.6,64
Germany,All,4/25/2020,April,b, 50,10,24408.1,287.2
Germany,All,4/25/2020,April,b, 60,10,17084.5,798.4
Germany,All,4/25/2020,April,b, 70,10,12837.4,1787.6
Germany,All,4/25/2020,April,b, 80,10,12696.7,3258.9
Germany,All,4/25/2020,April,b, 90,10,4546.6,1759.8
Germany,All,4/25/2020,April,b,100,5,47.2,24.3
Germany,All,4/26/2020,April,b,  0,10,2683.6,1
Germany,All,4/26/2020,April,b, 10,10,5086.3,1.2
Germany,All,4/26/2020,April,b, 20,10,18486.7,7
Germany,All,4/26/2020,April,b, 30,10,33230,22.6
Germany,All,4/26/2020,April,b, 40,10,25531.8,64.1
Germany,All,4/26/2020,April,b, 50,10,24461.2,288
Germany,All,4/26/2020,April,b, 60,10,17137,800.8
Germany,All,4/26/2020,April,b, 70,10,12902.9,1793.2
Germany,All,4/26/2020,April,b, 80,10,12783.2,3270.5
Germany,All,4/26/2020,April,b, 90,10,4583.7,1767.1
Germany,All,4/26/2020,April,b,100,5,47.6,24.4
Germany,All,4/27/2020,April,b,  0,10,2716.5,1
Germany,All,4/27/2020,April,b, 10,10,5144.4,1.2
Germany,All,4/27/2020,April,b, 20,10,18657,7
Germany,All,4/27/2020,April,b, 30,10,33454.3,22.7
Germany,All,4/27/2020,April,b, 40,10,25663.9,64.6
Germany,All,4/27/2020,April,b, 50,10,24593.4,291.5
Germany,All,4/27/2020,April,b, 60,10,17253.4,811.5
Germany,All,4/27/2020,April,b, 70,10,13006.4,1814.5
Germany,All,4/27/2020,April,b, 80,10,12890.5,3299.3
Germany,All,4/27/2020,April,b, 90,10,4622,1776.2
Germany,All,4/27/2020,April,b,100,5,48,24.5
Germany,All,4/28/2020,April,b,  0,10,2766.3,1
Germany,All,4/28/2020,April,b, 10,10,5193.2,1.3
Germany,All,4/28/2020,April,b, 20,10,18851.3,7.4
Germany,All,4/28/2020,April,b, 30,10,33804.3,23.7
Germany,All,4/28/2020,April,b, 40,10,25868.3,65.7
Germany,All,4/28/2020,April,b, 50,10,24749.1,291.8
Germany,All,4/28/2020,April,b, 60,10,17376.5,815.2
Germany,All,4/28/2020,April,b, 70,10,13130.4,1835.8
Germany,All,4/28/2020,April,b, 80,10,13044.7,3337.2
Germany,All,4/28/2020,April,b, 90,10,4687.1,1789.2
Germany,All,4/28/2020,April,b,100,5,48.8,24.5
Germany,All,4/29/2020,April,b,  0,10,2804.8,1
Germany,All,4/29/2020,April,b, 10,10,5265.4,1.3
Germany,All,4/29/2020,April,b, 20,10,19056.3,7.4
Germany,All,4/29/2020,April,b, 30,10,34090.3,23.7
Germany,All,4/29/2020,April,b, 40,10,26060.5,65.8
Germany,All,4/29/2020,April,b, 50,10,24926.3,292.8
Germany,All,4/29/2020,April,b, 60,10,17507.3,819.8
Germany,All,4/29/2020,April,b, 70,10,13250.6,1849.2
Germany,All,4/29/2020,April,b, 80,10,13193.7,3362.9
Germany,All,4/29/2020,April,b, 90,10,4751.3,1802.4
Germany,All,4/29/2020,April,b,100,5,49.5,24.7
Germany,All,4/30/2020,April,b,  0,10,2843.8,1
Germany,All,4/30/2020,April,b, 10,10,5325.7,1.3
Germany,All,4/30/2020,April,b, 20,10,19251.1,7.4
Germany,All,4/30/2020,April,b, 30,10,34397.4,23.8
Germany,All,4/30/2020,April,b, 40,10,26261.2,66.3
Germany,All,4/30/2020,April,b, 50,10,25100.4,295.2
Germany,All,4/30/2020,April,b, 60,10,17637.7,825.9
Germany,All,4/30/2020,April,b, 70,10,13375.1,1862.1
Germany,All,4/30/2020,April,b, 80,10,13350.8,3390.4
Germany,All,4/30/2020,April,b, 90,10,4819.4,1820.6
Germany,All,4/30/2020,April,b,100,5,50.3,25
Germany,All,5/1/2020,May,b,  0,10,2875.3,1
Germany,All,5/1/2020,May,b, 10,10,5371.9,1.3
Germany,All,5/1/2020,May,b, 20,10,19371.2,7.4
Germany,All,5/1/2020,May,b, 30,10,34564,23.9
Germany,All,5/1/2020,May,b, 40,10,26377.5,66.6
Germany,All,5/1/2020,May,b, 50,10,25212.7,296.9
Germany,All,5/1/2020,May,b, 60,10,17724.6,829.8
Germany,All,5/1/2020,May,b, 70,10,13458.3,1870.2
Germany,All,5/1/2020,May,b, 80,10,13456.3,3409
Germany,All,5/1/2020,May,b, 90,10,4865.5,1833.8
Germany,All,5/1/2020,May,b,100,5,50.9,25.2
Germany,All,5/2/2020,May,b,  0,10,2908.9,1
Germany,All,5/2/2020,May,b, 10,10,5418.5,1.3
Germany,All,5/2/2020,May,b, 20,10,19467,7.4
Germany,All,5/2/2020,May,b, 30,10,34671.7,23.9
Germany,All,5/2/2020,May,b, 40,10,26456.8,67.1
Germany,All,5/2/2020,May,b, 50,10,25291.6,299.3
Germany,All,5/2/2020,May,b, 60,10,17777.8,834.2
Germany,All,5/2/2020,May,b, 70,10,13503.1,1875.8
Germany,All,5/2/2020,May,b, 80,10,13512.2,3420.5
Germany,All,5/2/2020,May,b, 90,10,4890.3,1843.1
Germany,All,5/2/2020,May,b,100,5,51.2,25.4
Germany,All,5/3/2020,May,b,  0,10,2931.5,1
Germany,All,5/3/2020,May,b, 10,10,5434,1.3
Germany,All,5/3/2020,May,b, 20,10,19537.8,7.4
Germany,All,5/3/2020,May,b, 30,10,34803.4,23.9
Germany,All,5/3/2020,May,b, 40,10,26521.2,67
Germany,All,5/3/2020,May,b, 50,10,25330.6,299.4
Germany,All,5/3/2020,May,b, 60,10,17807.6,836.5
Germany,All,5/3/2020,May,b, 70,10,13528.2,1882.5
Germany,All,5/3/2020,May,b, 80,10,13534.2,3427.5
Germany,All,5/3/2020,May,b, 90,10,4896.2,1842.2
Germany,All,5/3/2020,May,b,100,5,51.2,25.3
Germany,All,5/4/2020,May,b,  0,10,2969.1,1
Germany,All,5/4/2020,May,b, 10,10,5453.6,1.3
Germany,All,5/4/2020,May,b, 20,10,19638.2,7.4
Germany,All,5/4/2020,May,b, 30,10,35001.2,23.9
Germany,All,5/4/2020,May,b, 40,10,26614.8,67.1
Germany,All,5/4/2020,May,b, 50,10,25387.4,300.3
Germany,All,5/4/2020,May,b, 60,10,17862,840.3
Germany,All,5/4/2020,May,b, 70,10,13589,1892.7
Germany,All,5/4/2020,May,b, 80,10,13606.5,3444.7
Germany,All,5/4/2020,May,b, 90,10,4924.7,1849.8
Germany,All,5/4/2020,May,b,100,5,51.5,25.4
Germany,All,5/5/2020,May,b,  0,10,3017.4,1
Germany,All,5/5/2020,May,b, 10,10,5498.7,1.3
Germany,All,5/5/2020,May,b, 20,10,19785.1,7.4
Germany,All,5/5/2020,May,b, 30,10,35250.6,24
Germany,All,5/5/2020,May,b, 40,10,26769.3,67.4
Germany,All,5/5/2020,May,b, 50,10,25518.2,302
Germany,All,5/5/2020,May,b, 60,10,17962.3,844
Germany,All,5/5/2020,May,b, 70,10,13675.7,1900
Germany,All,5/5/2020,May,b, 80,10,13698.9,3461.9
Germany,All,5/5/2020,May,b, 90,10,4959,1862.4
Germany,All,5/5/2020,May,b,100,5,51.9,25.6
Germany,All,5/6/2020,May,b,  0,10,3068.3,1
Germany,All,5/6/2020,May,b, 10,10,5549.7,1.3
Germany,All,5/6/2020,May,b, 20,10,19942.9,7.4
Germany,All,5/6/2020,May,b, 30,10,35517.4,24
Germany,All,5/6/2020,May,b, 40,10,26943.9,67.5
Germany,All,5/6/2020,May,b, 50,10,25663,302.8
Germany,All,5/6/2020,May,b, 60,10,18065.7,847
Germany,All,5/6/2020,May,b, 70,10,13770.3,1908
Germany,All,5/6/2020,May,b, 80,10,13815.5,3478.7
Germany,All,5/6/2020,May,b, 90,10,5008.8,1872.5
Germany,All,5/6/2020,May,b,100,5,52.5,25.8
Germany,All,5/7/2020,May,b,  0,10,3105.6,1
Germany,All,5/7/2020,May,b, 10,10,5613.7,1.3
Germany,All,5/7/2020,May,b, 20,10,20120.3,7.4
Germany,All,5/7/2020,May,b, 30,10,35767.2,24
Germany,All,5/7/2020,May,b, 40,10,27115.5,67.6
Germany,All,5/7/2020,May,b, 50,10,25821,303.7
Germany,All,5/7/2020,May,b, 60,10,18175.5,851.2
Germany,All,5/7/2020,May,b, 70,10,13859.5,1919.8
Germany,All,5/7/2020,May,b, 80,10,13915.1,3499.7
Germany,All,5/7/2020,May,b, 90,10,5048.7,1882.4
Germany,All,5/7/2020,May,b,100,5,52.9,25.9
Germany,All,5/8/2020,May,b,  0,10,3146.4,1
Germany,All,5/8/2020,May,b, 10,10,5683.3,1.3
Germany,All,5/8/2020,May,b, 20,10,20267.4,7.4
Germany,All,5/8/2020,May,b, 30,10,35940.5,24
Germany,All,5/8/2020,May,b, 40,10,27257.5,67.5
Germany,All,5/8/2020,May,b, 50,10,25960.2,303.8
Germany,All,5/8/2020,May,b, 60,10,18259.4,854.8
Germany,All,5/8/2020,May,b, 70,10,13924.6,1932.2
Germany,All,5/8/2020,May,b, 80,10,13998.8,3519.3
Germany,All,5/8/2020,May,b, 90,10,5087.5,1888.7
Germany,All,5/8/2020,May,b,100,5,53.4,25.9
Germany,All,5/9/2020,May,b,  0,10,3168,1
Germany,All,5/9/2020,May,b, 10,10,5710,1.2
Germany,All,5/9/2020,May,b, 20,10,20361.6,7.4
Germany,All,5/9/2020,May,b, 30,10,36098.9,24.1
Germany,All,5/9/2020,May,b, 40,10,27357.7,68.2
Germany,All,5/9/2020,May,b, 50,10,26045.1,307.1
Germany,All,5/9/2020,May,b, 60,10,18321.9,859.8
Germany,All,5/9/2020,May,b, 70,10,13977.1,1935.2
Germany,All,5/9/2020,May,b, 80,10,14054.7,3524.3
Germany,All,5/9/2020,May,b, 90,10,5108.4,1894.7
Germany,All,5/9/2020,May,b,100,5,53.6,26
Germany,All,5/10/2020,May,b,  0,10,3181.2,1
Germany,All,5/10/2020,May,b, 10,10,5727.4,1.2
Germany,All,5/10/2020,May,b, 20,10,20413,7.4
Germany,All,5/10/2020,May,b, 30,10,36176.2,24.1
Germany,All,5/10/2020,May,b, 40,10,27407.5,68.2
Germany,All,5/10/2020,May,b, 50,10,26089.1,307.1
Germany,All,5/10/2020,May,b, 60,10,18353.4,861.5
Germany,All,5/10/2020,May,b, 70,10,14001.6,1940.5
Germany,All,5/10/2020,May,b, 80,10,14079.1,3530.8
Germany,All,5/10/2020,May,b, 90,10,5117,1895.2
Germany,All,5/10/2020,May,b,100,5,53.7,26
Germany,All,5/11/2020,May,b,  0,10,3208.6,1
Germany,All,5/11/2020,May,b, 10,10,5774.2,1.2
Germany,All,5/11/2020,May,b, 20,10,20526.2,7.4
Germany,All,5/11/2020,May,b, 30,10,36319.8,24.1
Germany,All,5/11/2020,May,b, 40,10,27507.7,68.3
Germany,All,5/11/2020,May,b, 50,10,26175.8,307.9
Germany,All,5/11/2020,May,b, 60,10,18403.9,862.8
Germany,All,5/11/2020,May,b, 70,10,14041.1,1943.2
Germany,All,5/11/2020,May,b, 80,10,14130.1,3540.1
Germany,All,5/11/2020,May,b, 90,10,5140.6,1903.7
Germany,All,5/11/2020,May,b,100,5,54,26.2
Germany,All,5/12/2020,May,b,  0,10,3241.3,1
Germany,All,5/12/2020,May,b, 10,10,5831.9,1.2
Germany,All,5/12/2020,May,b, 20,10,20647.6,7.4
Germany,All,5/12/2020,May,b, 30,10,36462.5,24.1
Germany,All,5/12/2020,May,b, 40,10,27628.8,68.6
Germany,All,5/12/2020,May,b, 50,10,26303.2,309.6
Germany,All,5/12/2020,May,b, 60,10,18486.4,866.6
Germany,All,5/12/2020,May,b, 70,10,14101.5,1949.4
Germany,All,5/12/2020,May,b, 80,10,14197.2,3551.2
Germany,All,5/12/2020,May,b, 90,10,5168.3,1910.5
Germany,All,5/12/2020,May,b,100,5,54.3,26.3
Germany,All,5/13/2020,May,b,  0,10,3286.8,1
Germany,All,5/13/2020,May,b, 10,10,5867.8,1.2
Germany,All,5/13/2020,May,b, 20,10,20762.8,7.4
Germany,All,5/13/2020,May,b, 30,10,36676.9,24.2
Germany,All,5/13/2020,May,b, 40,10,27769.4,68.8
Germany,All,5/13/2020,May,b, 50,10,26408.7,310.4
Germany,All,5/13/2020,May,b, 60,10,18553.2,869
Germany,All,5/13/2020,May,b, 70,10,14162.7,1955
Germany,All,5/13/2020,May,b, 80,10,14278,3561.4
Germany,All,5/13/2020,May,b, 90,10,5205,1916.2
Germany,All,5/13/2020,May,b,100,5,54.7,26.4
Germany,All,5/14/2020,May,b,  0,10,3315.9,1
Germany,All,5/14/2020,May,b, 10,10,5913.6,1.2
Germany,All,5/14/2020,May,b, 20,10,20860.7,7.4
Germany,All,5/14/2020,May,b, 30,10,36820.4,24.2
Germany,All,5/14/2020,May,b, 40,10,27903.4,68.8
Germany,All,5/14/2020,May,b, 50,10,26534.3,310.5
Germany,All,5/14/2020,May,b, 60,10,18621,870
Germany,All,5/14/2020,May,b, 70,10,14214,1959
Germany,All,5/14/2020,May,b, 80,10,14350.3,3570.8
Germany,All,5/14/2020,May,b, 90,10,5241.2,1921.8
Germany,All,5/14/2020,May,b,100,5,55.2,26.4
Germany,All,5/15/2020,May,b,  0,10,3348.5,1
Germany,All,5/15/2020,May,b, 10,10,5964,1.2
Germany,All,5/15/2020,May,b, 20,10,20975.2,7.4
Germany,All,5/15/2020,May,b, 30,10,36956.5,24.1
Germany,All,5/15/2020,May,b, 40,10,27996.6,68.7
Germany,All,5/15/2020,May,b, 50,10,26620.5,310.5
Germany,All,5/15/2020,May,b, 60,10,18678.4,871.5
Germany,All,5/15/2020,May,b, 70,10,14263.5,1965.5
Germany,All,5/15/2020,May,b, 80,10,14413.6,3584.8
Germany,All,5/15/2020,May,b, 90,10,5269.7,1929.6
Germany,All,5/15/2020,May,b,100,5,55.5,26.5
Germany,All,5/16/2020,May,b,  0,10,3378,1
Germany,All,5/16/2020,May,b, 10,10,5990.9,1.2
Germany,All,5/16/2020,May,b, 20,10,21049.1,7.4
Germany,All,5/16/2020,May,b, 30,10,37066.5,24.1
Germany,All,5/16/2020,May,b, 40,10,28056.6,68.7
Germany,All,5/16/2020,May,b, 50,10,26662.2,310.5
Germany,All,5/16/2020,May,b, 60,10,18707.9,872.5
Germany,All,5/16/2020,May,b, 70,10,14294,1969.5
Germany,All,5/16/2020,May,b, 80,10,14455.2,3593.2
Germany,All,5/16/2020,May,b, 90,10,5288.7,1934.2
Germany,All,5/16/2020,May,b,100,5,55.8,26.6
Germany,All,5/17/2020,May,b,  0,10,3405.4,1
Germany,All,5/17/2020,May,b, 10,10,6020.2,1.2
Germany,All,5/17/2020,May,b, 20,10,21110,7.4
Germany,All,5/17/2020,May,b, 30,10,37136.5,24.2
Germany,All,5/17/2020,May,b, 40,10,28098.8,68.8
Germany,All,5/17/2020,May,b, 50,10,26698.2,311.4
Germany,All,5/17/2020,May,b, 60,10,18729.6,874.9
Germany,All,5/17/2020,May,b, 70,10,14307.5,1973.1
Germany,All,5/17/2020,May,b, 80,10,14466.2,3595.5
Germany,All,5/17/2020,May,b, 90,10,5291.9,1932.9
Germany,All,5/17/2020,May,b,100,5,55.8,26.6
Germany,All,5/18/2020,May,b,  0,10,3445.9,1
Germany,All,5/18/2020,May,b, 10,10,6058.8,1.2
Germany,All,5/18/2020,May,b, 20,10,21206.4,7.4
Germany,All,5/18/2020,May,b, 30,10,37269.4,24.2
Germany,All,5/18/2020,May,b, 40,10,28172.2,68.8
Germany,All,5/18/2020,May,b, 50,10,26751.5,311.4
Germany,All,5/18/2020,May,b, 60,10,18764.1,876.1
Germany,All,5/18/2020,May,b, 70,10,14336,1977.9
Germany,All,5/18/2020,May,b, 80,10,14498.8,3605.3
Germany,All,5/18/2020,May,b, 90,10,5305.1,1938
Germany,All,5/18/2020,May,b,100,5,55.9,26.6
Germany,All,5/19/2020,May,b,  0,10,3488.2,1
Germany,All,5/19/2020,May,b, 10,10,6080.1,1.2
Germany,All,5/19/2020,May,b, 20,10,21302.9,7.4
Germany,All,5/19/2020,May,b, 30,10,37470.8,24.2
Germany,All,5/19/2020,May,b, 40,10,28281.3,69.3
Germany,All,5/19/2020,May,b, 50,10,26814.6,313.8
Germany,All,5/19/2020,May,b, 60,10,18807.3,878.9
Germany,All,5/19/2020,May,b, 70,10,14384.8,1979.1
Germany,All,5/19/2020,May,b, 80,10,14568.1,3613.6
Germany,All,5/19/2020,May,b, 90,10,5337.4,1949.6
Germany,All,5/19/2020,May,b,100,5,56.3,26.9
Germany,All,5/20/2020,May,b,  0,10,3535.6,1
Germany,All,5/20/2020,May,b, 10,10,6138.9,1.2
Germany,All,5/20/2020,May,b, 20,10,21433.2,7.4
Germany,All,5/20/2020,May,b, 30,10,37635.4,24.3
Germany,All,5/20/2020,May,b, 40,10,28399.5,69.5
Germany,All,5/20/2020,May,b, 50,10,26929.4,314.6
Germany,All,5/20/2020,May,b, 60,10,18883.4,880.9
Germany,All,5/20/2020,May,b, 70,10,14437.7,1983.1
Germany,All,5/20/2020,May,b, 80,10,14617.9,3622.4
Germany,All,5/20/2020,May,b, 90,10,5354.4,1955.6
Germany,All,5/20/2020,May,b,100,5,56.5,27
Germany,All,5/21/2020,May,b,  0,10,3562.9,1
Germany,All,5/21/2020,May,b, 10,10,6181,1.2
Germany,All,5/21/2020,May,b, 20,10,21505.6,7.4
Germany,All,5/21/2020,May,b, 30,10,37701.5,24.3
Germany,All,5/21/2020,May,b, 40,10,28457.8,69.7
Germany,All,5/21/2020,May,b, 50,10,26987.2,315.4
Germany,All,5/21/2020,May,b, 60,10,18912.5,881.8
Germany,All,5/21/2020,May,b, 70,10,14457.6,1983.2
Germany,All,5/21/2020,May,b, 80,10,14647.2,3624.2
Germany,All,5/21/2020,May,b, 90,10,5369.9,1958.8
Germany,All,5/21/2020,May,b,100,5,56.7,27
Germany,All,5/22/2020,May,b,  0,10,3596.8,1
Germany,All,5/22/2020,May,b, 10,10,6209.4,1.2
Germany,All,5/22/2020,May,b, 20,10,21589.6,7.4
Germany,All,5/22/2020,May,b, 30,10,37832.5,24.3
Germany,All,5/22/2020,May,b, 40,10,28528.6,69.9
Germany,All,5/22/2020,May,b, 50,10,27038.8,316.2
Germany,All,5/22/2020,May,b, 60,10,18950.9,882.8
Germany,All,5/22/2020,May,b, 70,10,14492.4,1984.2
Germany,All,5/22/2020,May,b, 80,10,14686.1,3629.3
Germany,All,5/22/2020,May,b, 90,10,5385,1964.6
Germany,All,5/22/2020,May,b,100,5,56.9,27.1
Germany,All,5/23/2020,May,b,  0,10,3609.2,1
Germany,All,5/23/2020,May,b, 10,10,6236.2,1.2
Germany,All,5/23/2020,May,b, 20,10,21644,7.4
Germany,All,5/23/2020,May,b, 30,10,37884.7,24.3
Germany,All,5/23/2020,May,b, 40,10,28570.2,69.8
Germany,All,5/23/2020,May,b, 50,10,27087.6,316.2
Germany,All,5/23/2020,May,b, 60,10,18986.5,883.2
Germany,All,5/23/2020,May,b, 70,10,14519.7,1985.8
Germany,All,5/23/2020,May,b, 80,10,14715,3633.9
Germany,All,5/23/2020,May,b, 90,10,5396,1967.9
Germany,All,5/23/2020,May,b,100,5,57,27.2
Germany,All,5/24/2020,May,b,  0,10,3622.8,1
Germany,All,5/24/2020,May,b, 10,10,6241.8,1.2
Germany,All,5/24/2020,May,b, 20,10,21679.2,7.4
Germany,All,5/24/2020,May,b, 30,10,37955.3,24.3
Germany,All,5/24/2020,May,b, 40,10,28599.9,69.8
Germany,All,5/24/2020,May,b, 50,10,27100.8,316.2
Germany,All,5/24/2020,May,b, 60,10,18999.4,883.3
Germany,All,5/24/2020,May,b, 70,10,14535.8,1986.7
Germany,All,5/24/2020,May,b, 80,10,14734.9,3636.3
Germany,All,5/24/2020,May,b, 90,10,5404,1969.5
Germany,All,5/24/2020,May,b,100,5,57.1,27.2
Germany,All,5/25/2020,May,b,  0,10,3643.2,1
Germany,All,5/25/2020,May,b, 10,10,6272.5,1.2
Germany,All,5/25/2020,May,b, 20,10,21743.1,7.4
Germany,All,5/25/2020,May,b, 30,10,38029,24.3
Germany,All,5/25/2020,May,b, 40,10,28656.8,69.8
Germany,All,5/25/2020,May,b, 50,10,27158.3,316.2
Germany,All,5/25/2020,May,b, 60,10,19036.8,883.5
Germany,All,5/25/2020,May,b, 70,10,14563.4,1988.5
Germany,All,5/25/2020,May,b, 80,10,14765.3,3642.3
Germany,All,5/25/2020,May,b, 90,10,5416.4,1974.3
Germany,All,5/25/2020,May,b,100,5,57.2,27.3
Germany,All,5/26/2020,May,b,  0,10,3675.3,1
Germany,All,5/26/2020,May,b, 10,10,6337.5,1.2
Germany,All,5/26/2020,May,b, 20,10,21845.6,7.4
Germany,All,5/26/2020,May,b, 30,10,38107,24.4
Germany,All,5/26/2020,May,b, 40,10,28748.1,70.2
Germany,All,5/26/2020,May,b, 50,10,27268.3,317.9
Germany,All,5/26/2020,May,b, 60,10,19097.6,886.8
Germany,All,5/26/2020,May,b, 70,10,14595.6,1992.2
Germany,All,5/26/2020,May,b, 80,10,14795.8,3646.4
Germany,All,5/26/2020,May,b, 90,10,5428.8,1976.2
Germany,All,5/26/2020,May,b,100,5,57.4,27.3
Germany,All,5/27/2020,May,b,  0,10,3704.6,1
Germany,All,5/27/2020,May,b, 10,10,6386.9,1.2
Germany,All,5/27/2020,May,b, 20,10,21963.1,7.4
Germany,All,5/27/2020,May,b, 30,10,38242.5,24.4
Germany,All,5/27/2020,May,b, 40,10,28834.3,70.3
Germany,All,5/27/2020,May,b, 50,10,27352.4,318.7
Germany,All,5/27/2020,May,b, 60,10,19156.8,888.5
Germany,All,5/27/2020,May,b, 70,10,14636.4,1994.5
Germany,All,5/27/2020,May,b, 80,10,14830.1,3650.1
Germany,All,5/27/2020,May,b, 90,10,5438.4,1978.5
Germany,All,5/27/2020,May,b,100,5,57.4,27.4
Germany,All,5/28/2020,May,b,  0,10,3732.2,1
Germany,All,5/28/2020,May,b, 10,10,6431.9,1.2
Germany,All,5/28/2020,May,b, 20,10,22052.6,7.3
Germany,All,5/28/2020,May,b, 30,10,38338.3,24.4
Germany,All,5/28/2020,May,b, 40,10,28907.3,70.5
Germany,All,5/28/2020,May,b, 50,10,27421.2,319.5
Germany,All,5/28/2020,May,b, 60,10,19195.9,890.3
Germany,All,5/28/2020,May,b, 70,10,14665.6,1996.7
Germany,All,5/28/2020,May,b, 80,10,14868.6,3652.4
Germany,All,5/28/2020,May,b, 90,10,5456.8,1979.2
Germany,All,5/28/2020,May,b,100,5,57.7,27.4
Germany,All,5/29/2020,May,b,  0,10,3759.6,1
Germany,All,5/29/2020,May,b, 10,10,6485.9,1.2
Germany,All,5/29/2020,May,b, 20,10,22127,7.3
Germany,All,5/29/2020,May,b, 30,10,38383.7,24.4
Germany,All,5/29/2020,May,b, 40,10,28973.1,70.5
Germany,All,5/29/2020,May,b, 50,10,27498.1,319.5
Germany,All,5/29/2020,May,b, 60,10,19230.7,890.4
Germany,All,5/29/2020,May,b, 70,10,14684.9,1997.6
Germany,All,5/29/2020,May,b, 80,10,14899.5,3655.7
Germany,All,5/29/2020,May,b, 90,10,5474.8,1981.9
Germany,All,5/29/2020,May,b,100,5,57.9,27.4
Germany,All,5/30/2020,May,b,  0,10,3790.2,1
Germany,All,5/30/2020,May,b, 10,10,6536.9,1.2
Germany,All,5/30/2020,May,b, 20,10,22209.9,7.3
Germany,All,5/30/2020,May,b, 30,10,38442.8,24.4
Germany,All,5/30/2020,May,b, 40,10,29021,70.5
Germany,All,5/30/2020,May,b, 50,10,27546.5,319.5
Germany,All,5/30/2020,May,b, 60,10,19251.7,890.3
Germany,All,5/30/2020,May,b, 70,10,14694.9,1997.7
Germany,All,5/30/2020,May,b, 80,10,14914,3657.5
Germany,All,5/30/2020,May,b, 90,10,5483.1,1984
Germany,All,5/30/2020,May,b,100,5,58,27.5
Germany,All,5/31/2020,May,b,  0,10,3809.9,1
Germany,All,5/31/2020,May,b, 10,10,6555.8,1.2
Germany,All,5/31/2020,May,b, 20,10,22246,7.3
Germany,All,5/31/2020,May,b, 30,10,38477.3,24.4
Germany,All,5/31/2020,May,b, 40,10,29036.9,70.5
Germany,All,5/31/2020,May,b, 50,10,27562.5,319.5
Germany,All,5/31/2020,May,b, 60,10,19266.3,890.2
Germany,All,5/31/2020,May,b, 70,10,14706.3,1997.8
Germany,All,5/31/2020,May,b, 80,10,14923,3658.5
Germany,All,5/31/2020,May,b, 90,10,5485.1,1985
Germany,All,5/31/2020,May,b,100,5,58,27.5
Germany,All,6/1/2020,June,b,  0,10,3820.2,1
Germany,All,6/1/2020,June,b, 10,10,6571.9,1.2
Germany,All,6/1/2020,June,b, 20,10,22276.3,7.3
Germany,All,6/1/2020,June,b, 30,10,38497.7,24.4
Germany,All,6/1/2020,June,b, 40,10,29044.8,70.5
Germany,All,6/1/2020,June,b, 50,10,27574.3,319.5
Germany,All,6/1/2020,June,b, 60,10,19279.3,890.4
Germany,All,6/1/2020,June,b, 70,10,14718.3,1998.6
Germany,All,6/1/2020,June,b, 80,10,14935,3660.8
Germany,All,6/1/2020,June,b, 90,10,5489.1,1986.7
Germany,All,6/1/2020,June,b,100,5,58.1,27.5
Germany,All,6/2/2020,June,b,  0,10,3854.5,1
Germany,All,6/2/2020,June,b, 10,10,6592.4,1.2
Germany,All,6/2/2020,June,b, 20,10,22326.8,7.3
Germany,All,6/2/2020,June,b, 30,10,38572.4,24.4
Germany,All,6/2/2020,June,b, 40,10,29078.2,70.5
Germany,All,6/2/2020,June,b, 50,10,27596.9,319.5
Germany,All,6/2/2020,June,b, 60,10,19300.4,890.5
Germany,All,6/2/2020,June,b, 70,10,14738.2,1999.5
Germany,All,6/2/2020,June,b, 80,10,14954.1,3663.6
Germany,All,6/2/2020,June,b, 90,10,5494.9,1988.8
Germany,All,6/2/2020,June,b,100,5,58.1,27.5
Germany,All,6/3/2020,June,b,  0,10,3884.9,1
Germany,All,6/3/2020,June,b, 10,10,6637.4,1.2
Germany,All,6/3/2020,June,b, 20,10,22420.8,7.3
Germany,All,6/3/2020,June,b, 30,10,38679.5,24.4
Germany,All,6/3/2020,June,b, 40,10,29152.8,70.6
Germany,All,6/3/2020,June,b, 50,10,27659.9,320.4
Germany,All,6/3/2020,June,b, 60,10,19331.4,892.5
Germany,All,6/3/2020,June,b, 70,10,14756.2,2002.5
Germany,All,6/3/2020,June,b, 80,10,14975.2,3667.3
Germany,All,6/3/2020,June,b, 90,10,5504.7,1990.2
Germany,All,6/3/2020,June,b,100,5,58.2,27.6
Germany,All,6/4/2020,June,b,  0,10,3929.9,1
Germany,All,6/4/2020,June,b, 10,10,6720.2,1.2
Germany,All,6/4/2020,June,b, 20,10,22532.7,7.3
Germany,All,6/4/2020,June,b, 30,10,38731.4,24.5
Germany,All,6/4/2020,June,b, 40,10,29222.1,70.8
Germany,All,6/4/2020,June,b, 50,10,27746.4,321.2
Germany,All,6/4/2020,June,b, 60,10,19368.6,893.7
Germany,All,6/4/2020,June,b, 70,10,14769.4,2003.3
Germany,All,6/4/2020,June,b, 80,10,14992,3669.1
Germany,All,6/4/2020,June,b, 90,10,5515,1992.3
Germany,All,6/4/2020,June,b,100,5,58.4,27.6
Germany,All,6/5/2020,June,b,  0,10,3965.9,1
Germany,All,6/5/2020,June,b, 10,10,6762,1.2
Germany,All,6/5/2020,June,b, 20,10,22610,7.3
Germany,All,6/5/2020,June,b, 30,10,38815.3,24.5
Germany,All,6/5/2020,June,b, 40,10,29282.5,70.9
Germany,All,6/5/2020,June,b, 50,10,27801.8,322
Germany,All,6/5/2020,June,b, 60,10,19399.7,895.8
Germany,All,6/5/2020,June,b, 70,10,14790.4,2006.2
Germany,All,6/5/2020,June,b, 80,10,15016.3,3670.5
Germany,All,6/5/2020,June,b, 90,10,5525.7,1991
Germany,All,6/5/2020,June,b,100,5,58.5,27.6
Germany,All,6/6/2020,June,b,  0,10,3991,1
Germany,All,6/6/2020,June,b, 10,10,6786.7,1.2
Germany,All,6/6/2020,June,b, 20,10,22660.4,7.3
Germany,All,6/6/2020,June,b, 30,10,38875.5,24.5
Germany,All,6/6/2020,June,b, 40,10,29319.4,71.1
Germany,All,6/6/2020,June,b, 50,10,27833.1,322.8
Germany,All,6/6/2020,June,b, 60,10,19419.6,897.1
Germany,All,6/6/2020,June,b, 70,10,14804.7,2006.9
Germany,All,6/6/2020,June,b, 80,10,15030.9,3670.9
Germany,All,6/6/2020,June,b, 90,10,5531.1,1991.6
Germany,All,6/6/2020,June,b,100,5,58.6,27.6
Germany,All,6/7/2020,June,b,  0,10,4012.6,1
Germany,All,6/7/2020,June,b, 10,10,6799.8,1.2
Germany,All,6/7/2020,June,b, 20,10,22684,7.3
Germany,All,6/7/2020,June,b, 30,10,38908.7,24.5
Germany,All,6/7/2020,June,b, 40,10,29339.6,71.1
Germany,All,6/7/2020,June,b, 50,10,27849.4,322.8
Germany,All,6/7/2020,June,b, 60,10,19431,897
Germany,All,6/7/2020,June,b, 70,10,14814.3,2007
Germany,All,6/7/2020,June,b, 80,10,15041.6,3672.7
Germany,All,6/7/2020,June,b, 90,10,5535.4,1993.7
Germany,All,6/7/2020,June,b,100,5,58.6,27.6
Germany,All,6/8/2020,June,b,  0,10,4045.6,1
Germany,All,6/8/2020,June,b, 10,10,6833.5,1.2
Germany,All,6/8/2020,June,b, 20,10,22741.3,7.3
Germany,All,6/8/2020,June,b, 30,10,38964.7,24.5
Germany,All,6/8/2020,June,b, 40,10,29377.2,71.3
Germany,All,6/8/2020,June,b, 50,10,27883.9,323.6
Germany,All,6/8/2020,June,b, 60,10,19449.9,897.7
Germany,All,6/8/2020,June,b, 70,10,14825.3,2006.3
Germany,All,6/8/2020,June,b, 80,10,15052.4,3672.7
Germany,All,6/8/2020,June,b, 90,10,5539.5,1995.7
Germany,All,6/8/2020,June,b,100,5,58.7,27.7
Germany,All,6/9/2020,June,b,  0,10,4077.3,1
Germany,All,6/9/2020,June,b, 10,10,6877.2,1.2
Germany,All,6/9/2020,June,b, 20,10,22827.8,7.3
Germany,All,6/9/2020,June,b, 30,10,39052.9,24.5
Germany,All,6/9/2020,June,b, 40,10,29432.8,71.3
Germany,All,6/9/2020,June,b, 50,10,27933.2,323.6
Germany,All,6/9/2020,June,b, 60,10,19478.1,897.7
Germany,All,6/9/2020,June,b, 70,10,14843.1,2006.3
Germany,All,6/9/2020,June,b, 80,10,15070.3,3673.1
Germany,All,6/9/2020,June,b, 90,10,5546.5,1996.2
Germany,All,6/9/2020,June,b,100,5,58.7,27.7
Germany,All,6/10/2020,June,b,  0,10,4123.1,1
Germany,All,6/10/2020,June,b, 10,10,6937.7,1.2
Germany,All,6/10/2020,June,b, 20,10,22925.3,7.3
Germany,All,6/10/2020,June,b, 30,10,39138.6,24.6
Germany,All,6/10/2020,June,b, 40,10,29505.1,71.6
Germany,All,6/10/2020,June,b, 50,10,28006.5,325.2
Germany,All,6/10/2020,June,b, 60,10,19515.1,900.3
Germany,All,6/10/2020,June,b, 70,10,14862.2,2007.7
Germany,All,6/10/2020,June,b, 80,10,15090.2,3674.4
Germany,All,6/10/2020,June,b, 90,10,5555.5,1997.8
Germany,All,6/10/2020,June,b,100,5,58.9,27.7
Germany,All,6/11/2020,June,b,  0,10,4150.6,1
Germany,All,6/11/2020,June,b, 10,10,6989.5,1.2
Germany,All,6/11/2020,June,b, 20,10,22977.5,7.3
Germany,All,6/11/2020,June,b, 30,10,39141.2,24.6
Germany,All,6/11/2020,June,b, 40,10,29542.8,71.6
Germany,All,6/11/2020,June,b, 50,10,28062.6,325.2
Germany,All,6/11/2020,June,b, 60,10,19536.8,900.5
Germany,All,6/11/2020,June,b, 70,10,14868.5,2008.5
Germany,All,6/11/2020,June,b, 80,10,15102.3,3674.9
Germany,All,6/11/2020,June,b, 90,10,5564.3,1997.4
Germany,All,6/11/2020,June,b,100,5,59,27.7
Germany,All,6/12/2020,June,b,  0,10,4183.2,1
Germany,All,6/12/2020,June,b, 10,10,7034.2,1.2
Germany,All,6/12/2020,June,b, 20,10,23043.9,7.3
Germany,All,6/12/2020,June,b, 30,10,39191.3,24.6
Germany,All,6/12/2020,June,b, 40,10,29586.3,71.8
Germany,All,6/12/2020,June,b, 50,10,28103.2,326
Germany,All,6/12/2020,June,b, 60,10,19552.8,901.7
Germany,All,6/12/2020,June,b, 70,10,14880.4,2009.3
Germany,All,6/12/2020,June,b, 80,10,15127.5,3678.1
Germany,All,6/12/2020,June,b, 90,10,5579.9,2001.1
Germany,All,6/12/2020,June,b,100,5,59.2,27.8
Germany,All,6/13/2020,June,b,  0,10,4221.8,1
Germany,All,6/13/2020,June,b, 10,10,7091.8,1.2
Germany,All,6/13/2020,June,b, 20,10,23111.3,7.3
Germany,All,6/13/2020,June,b, 30,10,39212.6,24.6
Germany,All,6/13/2020,June,b, 40,10,29622.2,71.8
Germany,All,6/13/2020,June,b, 50,10,28148.3,326.1
Germany,All,6/13/2020,June,b, 60,10,19567.3,901.9
Germany,All,6/13/2020,June,b, 70,10,14882.9,2010.1
Germany,All,6/13/2020,June,b, 80,10,15136,3678.6
Germany,All,6/13/2020,June,b, 90,10,5587.2,2000.6
Germany,All,6/13/2020,June,b,100,5,59.3,27.8
Germany,All,6/14/2020,June,b,  0,10,4234.5,1
Germany,All,6/14/2020,June,b, 10,10,7099.6,1.2
Germany,All,6/14/2020,June,b, 20,10,23142.6,7.3
Germany,All,6/14/2020,June,b, 30,10,39265.7,24.6
Germany,All,6/14/2020,June,b, 40,10,29644.7,71.8
Germany,All,6/14/2020,June,b, 50,10,28159.1,326.1
Germany,All,6/14/2020,June,b, 60,10,19576.5,902.1
Germany,All,6/14/2020,June,b, 70,10,14892.7,2010.9
Germany,All,6/14/2020,June,b, 80,10,15147,3681.4
Germany,All,6/14/2020,June,b, 90,10,5591.2,2002.8
Germany,All,6/14/2020,June,b,100,5,59.4,27.8
Germany,All,6/15/2020,June,b,  0,10,4255.5,1
Germany,All,6/15/2020,June,b, 10,10,7117.8,1.2
Germany,All,6/15/2020,June,b, 20,10,23183.6,7.3
Germany,All,6/15/2020,June,b, 30,10,39326.5,24.6
Germany,All,6/15/2020,June,b, 40,10,29685.4,72
Germany,All,6/15/2020,June,b, 50,10,28190.5,326.9
Germany,All,6/15/2020,June,b, 60,10,19593.2,902.8
Germany,All,6/15/2020,June,b, 70,10,14904,2010.2
Germany,All,6/15/2020,June,b, 80,10,15159.6,3681.8
Germany,All,6/15/2020,June,b, 90,10,5596.6,2005.3
Germany,All,6/15/2020,June,b,100,5,59.4,27.9
Germany,All,6/16/2020,June,b,  0,10,4305.1,1
Germany,All,6/16/2020,June,b, 10,10,7175.8,1.2
Germany,All,6/16/2020,June,b, 20,10,23284.6,7.3
Germany,All,6/16/2020,June,b, 30,10,39434.6,24.7
Germany,All,6/16/2020,June,b, 40,10,29767.7,72.1
Germany,All,6/16/2020,June,b, 50,10,28260.5,327.7
Germany,All,6/16/2020,June,b, 60,10,19622.6,904.8
Germany,All,6/16/2020,June,b, 70,10,14917.6,2013.2
Germany,All,6/16/2020,June,b, 80,10,15177,3685
Germany,All,6/16/2020,June,b, 90,10,5606,2006.1
Germany,All,6/16/2020,June,b,100,5,59.5,27.9
Germany,All,6/17/2020,June,b,  0,10,4356.9,1
Germany,All,6/17/2020,June,b, 10,10,7259.8,1.2
Germany,All,6/17/2020,June,b, 20,10,23445.7,7.3
Germany,All,6/17/2020,June,b, 30,10,39650.1,24.7
Germany,All,6/17/2020,June,b, 40,10,29965.4,72.5
Germany,All,6/17/2020,June,b, 50,10,28425.4,329.3
Germany,All,6/17/2020,June,b, 60,10,19677.4,906.5
Germany,All,6/17/2020,June,b, 70,10,14929.8,2012.5
Germany,All,6/17/2020,June,b, 80,10,15196.2,3684.5
Germany,All,6/17/2020,June,b, 90,10,5620.6,2008.6
Germany,All,6/17/2020,June,b,100,5,59.8,27.9
Germany,All,6/18/2020,June,b,  0,10,4416.3,1
Germany,All,6/18/2020,June,b, 10,10,7353.8,1.2
Germany,All,6/18/2020,June,b, 20,10,23573.4,7.3
Germany,All,6/18/2020,June,b, 30,10,39731.8,24.7
Germany,All,6/18/2020,June,b, 40,10,30059.4,72.7
Germany,All,6/18/2020,June,b, 50,10,28529.3,330.1
Germany,All,6/18/2020,June,b, 60,10,19718.9,907.3
Germany,All,6/18/2020,June,b, 70,10,14941.4,2011.7
Germany,All,6/18/2020,June,b, 80,10,15209,3683.9
Germany,All,6/18/2020,June,b, 90,10,5628.8,2010.1
Germany,All,6/18/2020,June,b,100,5,59.9,28
Germany,All,6/19/2020,June,b,  0,10,4499.6,1
Germany,All,6/19/2020,June,b, 10,10,7472.2,1.2
Germany,All,6/19/2020,June,b, 20,10,23743.7,7.3
Germany,All,6/19/2020,June,b, 30,10,39874.8,24.8
Germany,All,6/19/2020,June,b, 40,10,30207.3,72.8
Germany,All,6/19/2020,June,b, 50,10,28675.2,330.9
Germany,All,6/19/2020,June,b, 60,10,19772.2,908.5
Germany,All,6/19/2020,June,b, 70,10,14952.3,2012.5
Germany,All,6/19/2020,June,b, 80,10,15220.2,3685.3
Germany,All,6/19/2020,June,b, 90,10,5637.5,2011.7
Germany,All,6/19/2020,June,b,100,5,60,28
Germany,All,6/20/2020,June,b,  0,10,4538.6,1
Germany,All,6/20/2020,June,b, 10,10,7540.7,1.2
Germany,All,6/20/2020,June,b, 20,10,23851.3,7.3
Germany,All,6/20/2020,June,b, 30,10,39965.3,24.8
Germany,All,6/20/2020,June,b, 40,10,30291.6,72.8
Germany,All,6/20/2020,June,b, 50,10,28757.2,330.9
Germany,All,6/20/2020,June,b, 60,10,19803.7,908.7
Germany,All,6/20/2020,June,b, 70,10,14960.7,2013.3
Germany,All,6/20/2020,June,b, 80,10,15229.3,3686.7
Germany,All,6/20/2020,June,b, 90,10,5643.3,2012.3
Germany,All,6/20/2020,June,b,100,5,60.1,28
Germany,All,6/21/2020,June,b,  0,10,4561.9,1
Germany,All,6/21/2020,June,b, 10,10,7562.5,1.2
Germany,All,6/21/2020,June,b, 20,10,23894.9,7.3
Germany,All,6/21/2020,June,b, 30,10,40028.5,24.8
Germany,All,6/21/2020,June,b, 40,10,30338.2,72.8
Germany,All,6/21/2020,June,b, 50,10,28790.8,330.9
Germany,All,6/21/2020,June,b, 60,10,19815,909.2
Germany,All,6/21/2020,June,b, 70,10,14964.4,2014.8
Germany,All,6/21/2020,June,b, 80,10,15234.8,3688.1
Germany,All,6/21/2020,June,b, 90,10,5646.8,2011.9
Germany,All,6/21/2020,June,b,100,5,60.2,28
Germany,All,6/22/2020,June,b,  0,10,4600.6,1
Germany,All,6/22/2020,June,b, 10,10,7620.4,1.2
Germany,All,6/22/2020,June,b, 20,10,23976.5,7.3
Germany,All,6/22/2020,June,b, 30,10,40108.5,24.8
Germany,All,6/22/2020,June,b, 40,10,30430.8,72.8
Germany,All,6/22/2020,June,b, 50,10,28878.4,330.9
Germany,All,6/22/2020,June,b, 60,10,19842.9,909.2
Germany,All,6/22/2020,June,b, 70,10,14968,2014.8
Germany,All,6/22/2020,June,b, 80,10,15241.9,3689
Germany,All,6/22/2020,June,b, 90,10,5653.8,2013
Germany,All,6/22/2020,June,b,100,5,60.3,28
Germany,All,6/23/2020,June,b,  0,10,4635.5,1
Germany,All,6/23/2020,June,b, 10,10,7681.5,1.2
Germany,All,6/23/2020,June,b, 20,10,24066.2,7.3
Germany,All,6/23/2020,June,b, 30,10,40192.6,24.8
Germany,All,6/23/2020,June,b, 40,10,30528,72.8
Germany,All,6/23/2020,June,b, 50,10,28979,330.9
Germany,All,6/23/2020,June,b, 60,10,19884.9,909.9
Germany,All,6/23/2020,June,b, 70,10,14981.3,2017.1
Germany,All,6/23/2020,June,b, 80,10,15253.7,3692.3
Germany,All,6/23/2020,June,b, 90,10,5660,2013.7
Germany,All,6/23/2020,June,b,100,5,60.4,28
Germany,All,6/24/2020,June,b,  0,10,4672.7,1
Germany,All,6/24/2020,June,b, 10,10,7723,1.2
Germany,All,6/24/2020,June,b, 20,10,24156.3,7.3
Germany,All,6/24/2020,June,b, 30,10,40314.8,24.7
Germany,All,6/24/2020,June,b, 40,10,30612.2,72.8
Germany,All,6/24/2020,June,b, 50,10,29043.8,330.9
Germany,All,6/24/2020,June,b, 60,10,19914,910.4
Germany,All,6/24/2020,June,b, 70,10,14995.2,2018.6
Germany,All,6/24/2020,June,b, 80,10,15266.5,3693.2
Germany,All,6/24/2020,June,b, 90,10,5665.2,2012.8
Germany,All,6/24/2020,June,b,100,5,60.4,28
Germany,All,6/25/2020,June,b,  0,10,4713.6,1
Germany,All,6/25/2020,June,b, 10,10,7773.7,1.2
Germany,All,6/25/2020,June,b, 20,10,24247.7,7.3
Germany,All,6/25/2020,June,b, 30,10,40429.4,24.7
Germany,All,6/25/2020,June,b, 40,10,30710,72.8
Germany,All,6/25/2020,June,b, 50,10,29130,331
Germany,All,6/25/2020,June,b, 60,10,19952,910.9
Germany,All,6/25/2020,June,b, 70,10,15012.3,2020.1
Germany,All,6/25/2020,June,b, 80,10,15284.7,3695.6
Germany,All,6/25/2020,June,b, 90,10,5674,2013.4
Germany,All,6/25/2020,June,b,100,5,60.5,28
Germany,All,6/26/2020,June,b,  0,10,4771.1,1
Germany,All,6/26/2020,June,b, 10,10,7852.6,1.2
Germany,All,6/26/2020,June,b, 20,10,24363.2,7.3
Germany,All,6/26/2020,June,b, 30,10,40520.4,24.8
Germany,All,6/26/2020,June,b, 40,10,30790.4,72.9
Germany,All,6/26/2020,June,b, 50,10,29210.8,331.8
Germany,All,6/26/2020,June,b, 60,10,19986.9,912.1
Germany,All,6/26/2020,June,b, 70,10,15025.4,2020.9
Germany,All,6/26/2020,June,b, 80,10,15297.9,3696.5
Germany,All,6/26/2020,June,b, 90,10,5680.7,2014.5
Germany,All,6/26/2020,June,b,100,5,60.6,28
Germany,All,6/27/2020,June,b,  0,10,4799.8,1
Germany,All,6/27/2020,June,b, 10,10,7881.2,1.2
Germany,All,6/27/2020,June,b, 20,10,24429.1,7.3
Germany,All,6/27/2020,June,b, 30,10,40606.4,24.8
Germany,All,6/27/2020,June,b, 40,10,30839.5,73.1
Germany,All,6/27/2020,June,b, 50,10,29247.2,332.6
Germany,All,6/27/2020,June,b, 60,10,20007.2,913.2
Germany,All,6/27/2020,June,b, 70,10,15036.3,2020.8
Germany,All,6/27/2020,June,b, 80,10,15303.7,3696
Germany,All,6/27/2020,June,b, 90,10,5681,2015
Germany,All,6/27/2020,June,b,100,5,60.6,28
Germany,All,6/28/2020,June,b,  0,10,4829.1,1
Germany,All,6/28/2020,June,b, 10,10,7908.3,1.2
Germany,All,6/28/2020,June,b, 20,10,24462.9,7.3
Germany,All,6/28/2020,June,b, 30,10,40639.8,24.8
Germany,All,6/28/2020,June,b, 40,10,30873.3,73.1
Germany,All,6/28/2020,June,b, 50,10,29275.3,332.6
Germany,All,6/28/2020,June,b, 60,10,20013.7,913.2
Germany,All,6/28/2020,June,b, 70,10,15036.2,2020.8
Germany,All,6/28/2020,June,b, 80,10,15307.7,3696
Germany,All,6/28/2020,June,b, 90,10,5685.1,2015
Germany,All,6/28/2020,June,b,100,5,60.7,28
Germany,All,6/29/2020,June,b,  0,10,4861.3,1
Germany,All,6/29/2020,June,b, 10,10,7952.2,1.2
Germany,All,6/29/2020,June,b, 20,10,24542.5,7.3
Germany,All,6/29/2020,June,b, 30,10,40724.5,24.8
Germany,All,6/29/2020,June,b, 40,10,30936.5,73.3
Germany,All,6/29/2020,June,b, 50,10,29332.8,333.4
Germany,All,6/29/2020,June,b, 60,10,20042.2,914.2
Germany,All,6/29/2020,June,b, 70,10,15049.6,2020.8
Germany,All,6/29/2020,June,b, 80,10,15318.2,3696.4
Germany,All,6/29/2020,June,b, 90,10,5688.6,2016.6
Germany,All,6/29/2020,June,b,100,5,60.7,28.1
Germany,All,6/30/2020,June,b,  0,10,4902,1
Germany,All,6/30/2020,June,b, 10,10,7996.6,1.2
Germany,All,6/30/2020,June,b, 20,10,24630.8,7.3
Germany,All,6/30/2020,June,b, 30,10,40825.3,24.8
Germany,All,6/30/2020,June,b, 40,10,30998.1,73.3
Germany,All,6/30/2020,June,b, 50,10,29385.9,333.4
Germany,All,6/30/2020,June,b, 60,10,20074.7,914.4
Germany,All,6/30/2020,June,b, 70,10,15069.1,2021.6
Germany,All,6/30/2020,June,b, 80,10,15332.7,3696.9
Germany,All,6/30/2020,June,b, 90,10,5692,2016.1
Germany,All,6/30/2020,June,b,100,5,60.7,28
Germany,All,7/1/2020,July,b,  0,10,4952.2,1
Germany,All,7/1/2020,July,b, 10,10,8049.5,1.3
Germany,All,7/1/2020,July,b, 20,10,24718.9,7.7
Germany,All,7/1/2020,July,b, 30,10,40920.8,25.9
Germany,All,7/1/2020,July,b, 40,10,31069.2,74.2
Germany,All,7/1/2020,July,b, 50,10,29447.1,331.9
Germany,All,7/1/2020,July,b, 60,10,20102.7,911.3
Germany,All,7/1/2020,July,b, 70,10,15083.1,2025.7
Germany,All,7/1/2020,July,b, 80,10,15347.7,3703
Germany,All,7/1/2020,July,b, 90,10,5699,2012.1
Germany,All,7/1/2020,July,b,100,5,60.8,27.9
Germany,All,7/2/2020,July,b,  0,10,4985,1
Germany,All,7/2/2020,July,b, 10,10,8085.9,1.3
Germany,All,7/2/2020,July,b, 20,10,24812.2,7.7
Germany,All,7/2/2020,July,b, 30,10,41051.3,25.9
Germany,All,7/2/2020,July,b, 40,10,31145.4,74.2
Germany,All,7/2/2020,July,b, 50,10,29498.8,331.9
Germany,All,7/2/2020,July,b, 60,10,20127.2,911.5
Germany,All,7/2/2020,July,b, 70,10,15095.6,2026.5
Germany,All,7/2/2020,July,b, 80,10,15357.1,3704.8
Germany,All,7/2/2020,July,b, 90,10,5701.6,2013.2
Germany,All,7/2/2020,July,b,100,5,60.8,27.9
Germany,All,7/3/2020,July,b,  0,10,5028,1
Germany,All,7/3/2020,July,b, 10,10,8126,1.3
Germany,All,7/3/2020,July,b, 20,10,24888.3,7.7
Germany,All,7/3/2020,July,b, 30,10,41149.8,25.9
Germany,All,7/3/2020,July,b, 40,10,31213.8,74.4
Germany,All,7/3/2020,July,b, 50,10,29551.8,332.7
Germany,All,7/3/2020,July,b, 60,10,20150.6,913.1
Germany,All,7/3/2020,July,b, 70,10,15106.1,2027.9
Germany,All,7/3/2020,July,b, 80,10,15366.3,3706.2
Germany,All,7/3/2020,July,b, 90,10,5705.2,2013.9
Germany,All,7/3/2020,July,b,100,5,60.9,27.9
Germany,All,7/4/2020,July,b,  0,10,5061,1
Germany,All,7/4/2020,July,b, 10,10,8147.4,1.3
Germany,All,7/4/2020,July,b, 20,10,24939.3,7.7
Germany,All,7/4/2020,July,b, 30,10,41223.8,25.9
Germany,All,7/4/2020,July,b, 40,10,31251.3,74.4
Germany,All,7/4/2020,July,b, 50,10,29577.9,332.7
Germany,All,7/4/2020,July,b, 60,10,20169.8,913.3
Germany,All,7/4/2020,July,b, 70,10,15121,2028.7
Germany,All,7/4/2020,July,b, 80,10,15379,3706.7
Germany,All,7/4/2020,July,b, 90,10,5708.6,2013.4
Germany,All,7/4/2020,July,b,100,5,60.9,27.9
Germany,All,7/5/2020,July,b,  0,10,5084.9,1
Germany,All,7/5/2020,July,b, 10,10,8163.7,1.3
Germany,All,7/5/2020,July,b, 20,10,24961.9,7.7
Germany,All,7/5/2020,July,b, 30,10,41251.4,25.9
Germany,All,7/5/2020,July,b, 40,10,31272.9,74.4
Germany,All,7/5/2020,July,b, 50,10,29595,332.7
Germany,All,7/5/2020,July,b, 60,10,20176.3,913.2
Germany,All,7/5/2020,July,b, 70,10,15123.5,2028.8
Germany,All,7/5/2020,July,b, 80,10,15382.2,3708.1
Germany,All,7/5/2020,July,b, 90,10,5710.4,2015
Germany,All,7/5/2020,July,b,100,5,60.9,27.9
Germany,All,7/6/2020,July,b,  0,10,5127.6,1
Germany,All,7/6/2020,July,b, 10,10,8205.8,1.3
Germany,All,7/6/2020,July,b, 20,10,25018.1,7.7
Germany,All,7/6/2020,July,b, 30,10,41300.2,25.9
Germany,All,7/6/2020,July,b, 40,10,31317.1,74.5
Germany,All,7/6/2020,July,b, 50,10,29639.5,333.5
Germany,All,7/6/2020,July,b, 60,10,20196.7,914.5
Germany,All,7/6/2020,July,b, 70,10,15131.4,2029.5
Germany,All,7/6/2020,July,b, 80,10,15388.1,3708.5
Germany,All,7/6/2020,July,b, 90,10,5712.6,2015.5
Germany,All,7/6/2020,July,b,100,5,60.9,28
Germany,All,7/7/2020,July,b,  0,10,5162.1,1
Germany,All,7/7/2020,July,b, 10,10,8252.4,1.3
Germany,All,7/7/2020,July,b, 20,10,25090.6,7.7
Germany,All,7/7/2020,July,b, 30,10,41366.6,25.9
Germany,All,7/7/2020,July,b, 40,10,31374.7,74.7
Germany,All,7/7/2020,July,b, 50,10,29697.8,334.4
Germany,All,7/7/2020,July,b, 60,10,20225.4,916.1
Germany,All,7/7/2020,July,b, 70,10,15143.7,2030.9
Germany,All,7/7/2020,July,b, 80,10,15397.1,3708.9
Germany,All,7/7/2020,July,b, 90,10,5715.6,2015.1
Germany,All,7/7/2020,July,b,100,5,61,27.9
Germany,All,7/8/2020,July,b,  0,10,5207.8,1
Germany,All,7/8/2020,July,b, 10,10,8297.6,1.3
Germany,All,7/8/2020,July,b, 20,10,25168,7.7
Germany,All,7/8/2020,July,b, 30,10,41454.5,25.9
Germany,All,7/8/2020,July,b, 40,10,31439.8,74.7
Germany,All,7/8/2020,July,b, 50,10,29758.6,334.4
Germany,All,7/8/2020,July,b, 60,10,20259.4,916.2
Germany,All,7/8/2020,July,b, 70,10,15161.7,2031.8
Germany,All,7/8/2020,July,b, 80,10,15409.9,3711.7
Germany,All,7/8/2020,July,b, 90,10,5718.7,2017.3
Germany,All,7/8/2020,July,b,100,5,61,28
Germany,All,7/9/2020,July,b,  0,10,5247.8,1
Germany,All,7/9/2020,July,b, 10,10,8326.6,1.3
Germany,All,7/9/2020,July,b, 20,10,25244.5,7.7
Germany,All,7/9/2020,July,b, 30,10,41569.9,25.9
Germany,All,7/9/2020,July,b, 40,10,31503,74.7
Germany,All,7/9/2020,July,b, 50,10,29803.5,334.4
Germany,All,7/9/2020,July,b, 60,10,20287.8,916.7
Germany,All,7/9/2020,July,b, 70,10,15179.3,2033.3
Germany,All,7/9/2020,July,b, 80,10,15420.3,3714.1
Germany,All,7/9/2020,July,b, 90,10,5719.4,2017.9
Germany,All,7/9/2020,July,b,100,5,61,28
Germany,All,7/10/2020,July,b,  0,10,5294.2,1
Germany,All,7/10/2020,July,b, 10,10,8359.3,1.3
Germany,All,7/10/2020,July,b, 20,10,25330.5,7.7
Germany,All,7/10/2020,July,b, 30,10,41692.2,26
Germany,All,7/10/2020,July,b, 40,10,31558.8,74.9
Germany,All,7/10/2020,July,b, 50,10,29836,335.2
Germany,All,7/10/2020,July,b, 60,10,20310.1,917.4
Germany,All,7/10/2020,July,b, 70,10,15195.1,2032.6
Germany,All,7/10/2020,July,b, 80,10,15430.5,3714
Germany,All,7/10/2020,July,b, 90,10,5720.3,2019.9
Germany,All,7/10/2020,July,b,100,5,61,28
Germany,All,7/11/2020,July,b,  0,10,5331.8,1
Germany,All,7/11/2020,July,b, 10,10,8376.6,1.3
Germany,All,7/11/2020,July,b, 20,10,25381.4,7.7
Germany,All,7/11/2020,July,b, 30,10,41772.8,26
Germany,All,7/11/2020,July,b, 40,10,31590.4,74.9
Germany,All,7/11/2020,July,b, 50,10,29854.1,335.2
Germany,All,7/11/2020,July,b, 60,10,20328.9,917.4
Germany,All,7/11/2020,July,b, 70,10,15210.3,2032.6
Germany,All,7/11/2020,July,b, 80,10,15438.4,3714
Germany,All,7/11/2020,July,b, 90,10,5719.4,2019.9
Germany,All,7/11/2020,July,b,100,5,60.9,28
Germany,All,7/12/2020,July,b,  0,10,5341.3,1
Germany,All,7/12/2020,July,b, 10,10,8394.2,1.3
Germany,All,7/12/2020,July,b, 20,10,25409.3,7.7
Germany,All,7/12/2020,July,b, 30,10,41794.4,26
Germany,All,7/12/2020,July,b, 40,10,31608.1,74.9
Germany,All,7/12/2020,July,b, 50,10,29871.8,335.2
Germany,All,7/12/2020,July,b, 60,10,20337,917.4
Germany,All,7/12/2020,July,b, 70,10,15214.2,2032.6
Germany,All,7/12/2020,July,b, 80,10,15443.1,3714
Germany,All,7/12/2020,July,b, 90,10,5721.7,2019.9
Germany,All,7/12/2020,July,b,100,5,60.9,28
Germany,All,7/13/2020,July,b,  0,10,5369.3,1
Germany,All,7/13/2020,July,b, 10,10,8419.4,1.3
Germany,All,7/13/2020,July,b, 20,10,25467.8,7.7
Germany,All,7/13/2020,July,b, 30,10,41878.2,26
Germany,All,7/13/2020,July,b, 40,10,31661.1,74.8
Germany,All,7/13/2020,July,b, 50,10,29911.9,335.2
Germany,All,7/13/2020,July,b, 60,10,20357.8,917.9
Germany,All,7/13/2020,July,b, 70,10,15224.6,2034.1
Germany,All,7/13/2020,July,b, 80,10,15449.3,3716.4
Germany,All,7/13/2020,July,b, 90,10,5722.6,2020.6
Germany,All,7/13/2020,July,b,100,5,60.9,28
Germany,All,7/14/2020,July,b,  0,10,5407.1,1
Germany,All,7/14/2020,July,b, 10,10,8492.2,1.3
Germany,All,7/14/2020,July,b, 20,10,25565.3,7.7
Germany,All,7/14/2020,July,b, 30,10,41936.1,26
Germany,All,7/14/2020,July,b, 40,10,31727.1,75
Germany,All,7/14/2020,July,b, 50,10,29986.7,336
Germany,All,7/14/2020,July,b, 60,10,20388.6,918.6
Germany,All,7/14/2020,July,b, 70,10,15233,2033.4
Germany,All,7/14/2020,July,b, 80,10,15456.3,3715.9
Germany,All,7/14/2020,July,b, 90,10,5726.6,2022.1
Germany,All,7/14/2020,July,b,100,5,61,28.1
Germany,All,7/15/2020,July,b,  0,10,5457.8,1
Germany,All,7/15/2020,July,b, 10,10,8554.8,1.3
Germany,All,7/15/2020,July,b, 20,10,25672.2,7.7
Germany,All,7/15/2020,July,b, 30,10,42039,26
Germany,All,7/15/2020,July,b, 40,10,31798.5,75.2
Germany,All,7/15/2020,July,b, 50,10,30055.2,336.8
Germany,All,7/15/2020,July,b, 60,10,20426.9,920.1
Germany,All,7/15/2020,July,b, 70,10,15252.6,2034.9
Germany,All,7/15/2020,July,b, 80,10,15469.4,3717.2
Germany,All,7/15/2020,July,b, 90,10,5729.5,2022.7
Germany,All,7/15/2020,July,b,100,5,61,28.1
Germany,All,7/16/2020,July,b,  0,10,5515.1,1
Germany,All,7/16/2020,July,b, 10,10,8603,1.3
Germany,All,7/16/2020,July,b, 20,10,25772.5,7.7
Germany,All,7/16/2020,July,b, 30,10,42170.8,26
Germany,All,7/16/2020,July,b, 40,10,31878.5,75.2
Germany,All,7/16/2020,July,b, 50,10,30117.6,336.8
Germany,All,7/16/2020,July,b, 60,10,20462.8,920.6
Germany,All,7/16/2020,July,b, 70,10,15273.7,2036.4
Germany,All,7/16/2020,July,b, 80,10,15484.8,3719.6
Germany,All,7/16/2020,July,b, 90,10,5733,2023.3
Germany,All,7/16/2020,July,b,100,5,61,28.1
Germany,All,7/17/2020,July,b,  0,10,5558.1,1
Germany,All,7/17/2020,July,b, 10,10,8663.9,1.3
Germany,All,7/17/2020,July,b, 20,10,25881.1,7.7
Germany,All,7/17/2020,July,b, 30,10,42281,26
Germany,All,7/17/2020,July,b, 40,10,31956.2,75.2
Germany,All,7/17/2020,July,b, 50,10,30184,336.8
Germany,All,7/17/2020,July,b, 60,10,20492.5,921
Germany,All,7/17/2020,July,b, 70,10,15286.2,2038
Germany,All,7/17/2020,July,b, 80,10,15495.5,3722.4
Germany,All,7/17/2020,July,b, 90,10,5737.4,2024.5
Germany,All,7/17/2020,July,b,100,5,61.1,28.1
Germany,All,7/18/2020,July,b,  0,10,5595.2,1
Germany,All,7/18/2020,July,b, 10,10,8709.3,1.3
Germany,All,7/18/2020,July,b, 20,10,25958.5,7.7
Germany,All,7/18/2020,July,b, 30,10,42365.3,26
Germany,All,7/18/2020,July,b, 40,10,32023.2,75.2
Germany,All,7/18/2020,July,b, 50,10,30245.5,336.8
Germany,All,7/18/2020,July,b, 60,10,20521.9,921
Germany,All,7/18/2020,July,b, 70,10,15298.9,2038
Germany,All,7/18/2020,July,b, 80,10,15504.7,3722.4
Germany,All,7/18/2020,July,b, 90,10,5740.3,2024.5
Germany,All,7/18/2020,July,b,100,5,61.1,28.1
Germany,All,7/19/2020,July,b,  0,10,5617,1
Germany,All,7/19/2020,July,b, 10,10,8740.9,1.3
Germany,All,7/19/2020,July,b, 20,10,25992.3,7.7
Germany,All,7/19/2020,July,b, 30,10,42381.5,26
Germany,All,7/19/2020,July,b, 40,10,32050.5,75.2
Germany,All,7/19/2020,July,b, 50,10,30275.8,336.8
Germany,All,7/19/2020,July,b, 60,10,20531.6,921.2
Germany,All,7/19/2020,July,b, 70,10,15301.3,2038.8
Germany,All,7/19/2020,July,b, 80,10,15511.3,3724.2
Germany,All,7/19/2020,July,b, 90,10,5745.5,2025.7
Germany,All,7/19/2020,July,b,100,5,61.2,28.1
Germany,All,7/20/2020,July,b,  0,10,5655.3,1
Germany,All,7/20/2020,July,b, 10,10,8782.7,1.3
Germany,All,7/20/2020,July,b, 20,10,26088.8,7.7
Germany,All,7/20/2020,July,b, 30,10,42499.5,26
Germany,All,7/20/2020,July,b, 40,10,32112.5,75.3
Germany,All,7/20/2020,July,b, 50,10,30320,337.6
Germany,All,7/20/2020,July,b, 60,10,20557.5,922.2
Germany,All,7/20/2020,July,b, 70,10,15316.6,2038.8
Germany,All,7/20/2020,July,b, 80,10,15521.1,3724.7
Germany,All,7/20/2020,July,b, 90,10,5746.9,2027.2
Germany,All,7/20/2020,July,b,100,5,61.2,28.2
Germany,All,7/21/2020,July,b,  0,10,5687.8,1
Germany,All,7/21/2020,July,b, 10,10,8829.3,1.3
Germany,All,7/21/2020,July,b, 20,10,26184.2,7.7
Germany,All,7/21/2020,July,b, 30,10,42612.7,26
Germany,All,7/21/2020,July,b, 40,10,32193.5,75.3
Germany,All,7/21/2020,July,b, 50,10,30395.4,337.6
Germany,All,7/21/2020,July,b, 60,10,20600.4,922.7
Germany,All,7/21/2020,July,b, 70,10,15337.6,2040.3
Germany,All,7/21/2020,July,b, 80,10,15531.2,3726.5
Germany,All,7/21/2020,July,b, 90,10,5746.8,2027.3
Germany,All,7/21/2020,July,b,100,5,61.2,28.1
Germany,All,7/22/2020,July,b,  0,10,5741.2,1
Germany,All,7/22/2020,July,b, 10,10,8909.2,1.3
Germany,All,7/22/2020,July,b, 20,10,26312,7.7
Germany,All,7/22/2020,July,b, 30,10,42743.2,26
Germany,All,7/22/2020,July,b, 40,10,32310.2,75.3
Germany,All,7/22/2020,July,b, 50,10,30502.7,337.7
Germany,All,7/22/2020,July,b, 60,10,20643.9,923.3
Germany,All,7/22/2020,July,b, 70,10,15352.3,2042.7
Germany,All,7/22/2020,July,b, 80,10,15545.1,3730.7
Germany,All,7/22/2020,July,b, 90,10,5753.9,2029.1
Germany,All,7/22/2020,July,b,100,5,61.3,28.2
Germany,All,7/23/2020,July,b,  0,10,5812.5,1
Germany,All,7/23/2020,July,b, 10,10,9003,1.3
Germany,All,7/23/2020,July,b, 20,10,26444.1,7.7
Germany,All,7/23/2020,July,b, 30,10,42852.1,26
Germany,All,7/23/2020,July,b, 40,10,32410.6,75.3
Germany,All,7/23/2020,July,b, 50,10,30605.3,337.7
Germany,All,7/23/2020,July,b, 60,10,20690.7,923.9
Germany,All,7/23/2020,July,b, 70,10,15370.5,2044.1
Germany,All,7/23/2020,July,b, 80,10,15559.8,3731.7
Germany,All,7/23/2020,July,b, 90,10,5760.1,2028.2
Germany,All,7/23/2020,July,b,100,5,61.3,28.1
Germany,All,7/24/2020,July,b,  0,10,5886.5,1
Germany,All,7/24/2020,July,b, 10,10,9099.1,1.3
Germany,All,7/24/2020,July,b, 20,10,26603.1,7.7
Germany,All,7/24/2020,July,b, 30,10,43012.7,26
Germany,All,7/24/2020,July,b, 40,10,32533.4,75.3
Germany,All,7/24/2020,July,b, 50,10,30713.9,337.7
Germany,All,7/24/2020,July,b, 60,10,20738,924.8
Germany,All,7/24/2020,July,b, 70,10,15388.1,2047.2
Germany,All,7/24/2020,July,b, 80,10,15572.8,3735.4
Germany,All,7/24/2020,July,b, 90,10,5765,2028.5
Germany,All,7/24/2020,July,b,100,5,61.4,28.1
Germany,All,7/25/2020,July,b,  0,10,5925.6,1
Germany,All,7/25/2020,July,b, 10,10,9146.6,1.3
Germany,All,7/25/2020,July,b, 20,10,26695,7.7
Germany,All,7/25/2020,July,b, 30,10,43134,26
Germany,All,7/25/2020,July,b, 40,10,32629.1,75.3
Germany,All,7/25/2020,July,b, 50,10,30794.2,337.7
Germany,All,7/25/2020,July,b, 60,10,20773.4,925.1
Germany,All,7/25/2020,July,b, 70,10,15403.3,2047.9
Germany,All,7/25/2020,July,b, 80,10,15586,3736.3
Germany,All,7/25/2020,July,b, 90,10,5770.3,2028.6
Germany,All,7/25/2020,July,b,100,5,61.4,28.1
Germany,All,7/26/2020,July,b,  0,10,5937.2,1
Germany,All,7/26/2020,July,b, 10,10,9161.8,1.3
Germany,All,7/26/2020,July,b, 20,10,26731.1,7.7
Germany,All,7/26/2020,July,b, 30,10,43189,26
Germany,All,7/26/2020,July,b, 40,10,32670.3,75.3
Germany,All,7/26/2020,July,b, 50,10,30825.1,337.7
Germany,All,7/26/2020,July,b, 60,10,20785.3,925.1
Germany,All,7/26/2020,July,b, 70,10,15407.4,2047.9
Germany,All,7/26/2020,July,b, 80,10,15589.4,3736.3
Germany,All,7/26/2020,July,b, 90,10,5771.9,2028.6
Germany,All,7/26/2020,July,b,100,5,61.5,28.1
Germany,All,7/27/2020,July,b,  0,10,5977.6,1
Germany,All,7/27/2020,July,b, 10,10,9228.4,1.3
Germany,All,7/27/2020,July,b, 20,10,26836,7.7
Germany,All,7/27/2020,July,b, 30,10,43282.3,26
Germany,All,7/27/2020,July,b, 40,10,32747.1,75.4
Germany,All,7/27/2020,July,b, 50,10,30896,338.5
Germany,All,7/27/2020,July,b, 60,10,20815.2,926.3
Germany,All,7/27/2020,July,b, 70,10,15420.6,2048.7
Germany,All,7/27/2020,July,b, 80,10,15605.6,3738.2
Germany,All,7/27/2020,July,b, 90,10,5780.5,2030.7
Germany,All,7/27/2020,July,b,100,5,61.6,28.2
Germany,All,7/28/2020,July,b,  0,10,6039.1,1
Germany,All,7/28/2020,July,b, 10,10,9328.4,1.3
Germany,All,7/28/2020,July,b, 20,10,26974.6,7.7
Germany,All,7/28/2020,July,b, 30,10,43396.7,26
Germany,All,7/28/2020,July,b, 40,10,32866,75.4
Germany,All,7/28/2020,July,b, 50,10,31017.3,338.5
Germany,All,7/28/2020,July,b, 60,10,20865.5,926.5
Germany,All,7/28/2020,July,b, 70,10,15437.6,2049.5
Germany,All,7/28/2020,July,b, 80,10,15622,3739.6
Germany,All,7/28/2020,July,b, 90,10,5789.2,2031.3
Germany,All,7/28/2020,July,b,100,5,61.7,28.2
Germany,All,7/29/2020,July,b,  0,10,6095,1
Germany,All,7/29/2020,July,b, 10,10,9424.9,1.3
Germany,All,7/29/2020,July,b, 20,10,27161,7.7
Germany,All,7/29/2020,July,b, 30,10,43599.9,26
Germany,All,7/29/2020,July,b, 40,10,33008.4,75.4
Germany,All,7/29/2020,July,b, 50,10,31136.7,338.6
Germany,All,7/29/2020,July,b, 60,10,20920,926.7
Germany,All,7/29/2020,July,b, 70,10,15461.2,2050.3
Germany,All,7/29/2020,July,b, 80,10,15640.5,3740.5
Germany,All,7/29/2020,July,b, 90,10,5795.7,2031.4
Germany,All,7/29/2020,July,b,100,5,61.8,28.2
Germany,All,7/30/2020,July,b,  0,10,6162.2,1
Germany,All,7/30/2020,July,b, 10,10,9541.1,1.3
Germany,All,7/30/2020,July,b, 20,10,27339.4,7.7
Germany,All,7/30/2020,July,b, 30,10,43750.3,26
Germany,All,7/30/2020,July,b, 40,10,33134.1,75.4
Germany,All,7/30/2020,July,b, 50,10,31256.9,338.6
Germany,All,7/30/2020,July,b, 60,10,20971.2,926.9
Germany,All,7/30/2020,July,b, 70,10,15480,2051.1
Germany,All,7/30/2020,July,b, 80,10,15657.3,3741.9
Germany,All,7/30/2020,July,b, 90,10,5803.7,2031.9
Germany,All,7/30/2020,July,b,100,5,61.9,28.2
Germany,All,7/31/2020,July,b,  0,10,6219.6,1
Germany,All,7/31/2020,July,b, 10,10,9654.7,1.3
Germany,All,7/31/2020,July,b, 20,10,27531.5,7.7
Germany,All,7/31/2020,July,b, 30,10,43930.9,26
Germany,All,7/31/2020,July,b, 40,10,33274.4,75.4
Germany,All,7/31/2020,July,b, 50,10,31380.6,338.6
Germany,All,7/31/2020,July,b, 60,10,21022.1,927.6
Germany,All,7/31/2020,July,b, 70,10,15501.2,2053.4
Germany,All,7/31/2020,July,b, 80,10,15682.2,3745.2
Germany,All,7/31/2020,July,b, 90,10,5816.8,2032.7
Germany,All,7/31/2020,July,b,100,5,62,28.2
Germany,All,8/1/2020,August,b,  0,10,6262.5,1
Germany,All,8/1/2020,August,b, 10,10,9732.1,1.3
Germany,All,8/1/2020,August,b, 20,10,27650.2,7.7
Germany,All,8/1/2020,August,b, 30,10,44034.1,26
Germany,All,8/1/2020,August,b, 40,10,33362.2,75.4
Germany,All,8/1/2020,August,b, 50,10,31460.6,338.6
Germany,All,8/1/2020,August,b, 60,10,21051.8,927.9
Germany,All,8/1/2020,August,b, 70,10,15509.4,2054.1
Germany,All,8/1/2020,August,b, 80,10,15690.7,3745.6
Germany,All,8/1/2020,August,b, 90,10,5822.2,2032.2
Germany,All,8/1/2020,August,b,100,5,62.1,28.2
Germany,All,8/2/2020,August,b,  0,10,6284.8,1
Germany,All,8/2/2020,August,b, 10,10,9757.2,1.3
Germany,All,8/2/2020,August,b, 20,10,27705.9,7.7
Germany,All,8/2/2020,August,b, 30,10,44106.9,26
Germany,All,8/2/2020,August,b, 40,10,33407.3,75.4
Germany,All,8/2/2020,August,b, 50,10,31494.3,338.6
Germany,All,8/2/2020,August,b, 60,10,21069.5,927.9
Germany,All,8/2/2020,August,b, 70,10,15520.9,2054.1
Germany,All,8/2/2020,August,b, 80,10,15702.9,3746.1
Germany,All,8/2/2020,August,b, 90,10,5827.1,2032.8
Germany,All,8/2/2020,August,b,100,5,62.2,28.2
Germany,All,8/3/2020,August,b,  0,10,6346.3,1
Germany,All,8/3/2020,August,b, 10,10,9843.3,1.3
Germany,All,8/3/2020,August,b, 20,10,27864.5,7.7
Germany,All,8/3/2020,August,b, 30,10,44283.6,26
Germany,All,8/3/2020,August,b, 40,10,33531.3,75.4
Germany,All,8/3/2020,August,b, 50,10,31594,338.6
Germany,All,8/3/2020,August,b, 60,10,21112.3,927.7
Germany,All,8/3/2020,August,b, 70,10,15539.7,2054.3
Germany,All,8/3/2020,August,b, 80,10,15720.8,3748.4
Germany,All,8/3/2020,August,b, 90,10,5834.9,2035.4
Germany,All,8/3/2020,August,b,100,5,62.3,28.2
Germany,All,8/4/2020,August,b,  0,10,6401.2,1
Germany,All,8/4/2020,August,b, 10,10,9958.8,1.3
Germany,All,8/4/2020,August,b, 20,10,28059.2,7.7
Germany,All,8/4/2020,August,b, 30,10,44461.3,26
Germany,All,8/4/2020,August,b, 40,10,33671.1,75.4
Germany,All,8/4/2020,August,b, 50,10,31730.2,338.6
Germany,All,8/4/2020,August,b, 60,10,21179.8,927.7
Germany,All,8/4/2020,August,b, 70,10,15569.3,2054.3
Germany,All,8/4/2020,August,b, 80,10,15741.1,3749.8
Germany,All,8/4/2020,August,b, 90,10,5840.7,2036.9
Germany,All,8/4/2020,August,b,100,5,62.3,28.2
Germany,All,8/5/2020,August,b,  0,10,6477,1
Germany,All,8/5/2020,August,b, 10,10,10133.8,1.3
Germany,All,8/5/2020,August,b, 20,10,28320.7,7.7
Germany,All,8/5/2020,August,b, 30,10,44646.3,26
Germany,All,8/5/2020,August,b, 40,10,33823.4,75.4
Germany,All,8/5/2020,August,b, 50,10,31885.1,338.6
Germany,All,8/5/2020,August,b, 60,10,21246.6,927.6
Germany,All,8/5/2020,August,b, 70,10,15590.5,2054.4
Germany,All,8/5/2020,August,b, 80,10,15754.4,3750.3
Germany,All,8/5/2020,August,b, 90,10,5845.8,2037.5
Germany,All,8/5/2020,August,b,100,5,62.4,28.3
Germany,All,8/6/2020,August,b,  0,10,6571.9,1
Germany,All,8/6/2020,August,b, 10,10,10296.5,1.3
Germany,All,8/6/2020,August,b, 20,10,28565.2,7.7
Germany,All,8/6/2020,August,b, 30,10,44850.1,26
Germany,All,8/6/2020,August,b, 40,10,33991.2,75.4
Germany,All,8/6/2020,August,b, 50,10,32047.9,338.6
Germany,All,8/6/2020,August,b, 60,10,21319.2,927.8
Germany,All,8/6/2020,August,b, 70,10,15618.2,2055.2
Germany,All,8/6/2020,August,b, 80,10,15776,3752.6
Germany,All,8/6/2020,August,b, 90,10,5854.4,2039.1
Germany,All,8/6/2020,August,b,100,5,62.5,28.3
Germany,All,8/7/2020,August,b,  0,10,6663,1
Germany,All,8/7/2020,August,b, 10,10,10457.3,1.3
Germany,All,8/7/2020,August,b, 20,10,28782.5,7.7
Germany,All,8/7/2020,August,b, 30,10,45008.9,26.1
Germany,All,8/7/2020,August,b, 40,10,34140.4,75.6
Germany,All,8/7/2020,August,b, 50,10,32193.7,339.4
Germany,All,8/7/2020,August,b, 60,10,21371.5,928.5
Germany,All,8/7/2020,August,b, 70,10,15628.5,2054.5
Germany,All,8/7/2020,August,b, 80,10,15784.7,3752.1
Germany,All,8/7/2020,August,b, 90,10,5860.9,2040.6
Germany,All,8/7/2020,August,b,100,5,62.6,28.3
Germany,All,8/8/2020,August,b,  0,10,6715.9,1
Germany,All,8/8/2020,August,b, 10,10,10584.7,1.3
Germany,All,8/8/2020,August,b, 20,10,28953.1,7.7
Germany,All,8/8/2020,August,b, 30,10,45106.4,26.1
Germany,All,8/8/2020,August,b, 40,10,34230.9,75.6
Germany,All,8/8/2020,August,b, 50,10,32291.6,339.4
Germany,All,8/8/2020,August,b, 60,10,21410.4,928.5
Germany,All,8/8/2020,August,b, 70,10,15639.7,2054.5
Germany,All,8/8/2020,August,b, 80,10,15795.9,3753
Germany,All,8/8/2020,August,b, 90,10,5867.6,2041.6
Germany,All,8/8/2020,August,b,100,5,62.7,28.3
Germany,All,8/9/2020,August,b,  0,10,6748.1,1
Germany,All,8/9/2020,August,b, 10,10,10632.6,1.3
Germany,All,8/9/2020,August,b, 20,10,29027.1,7.7
Germany,All,8/9/2020,August,b, 30,10,45169.9,26.1
Germany,All,8/9/2020,August,b, 40,10,34273.9,75.6
Germany,All,8/9/2020,August,b, 50,10,32325.8,339.4
Germany,All,8/9/2020,August,b, 60,10,21422.1,928.4
Germany,All,8/9/2020,August,b, 70,10,15643.2,2054.6
Germany,All,8/9/2020,August,b, 80,10,15800.8,3754
Germany,All,8/9/2020,August,b, 90,10,5870.8,2042.7
Germany,All,8/9/2020,August,b,100,5,62.7,28.4
Germany,All,8/10/2020,August,b,  0,10,6838.6,1
Germany,All,8/10/2020,August,b, 10,10,10794,1.3
Germany,All,8/10/2020,August,b, 20,10,29266.6,7.7
Germany,All,8/10/2020,August,b, 30,10,45372.9,26.1
Germany,All,8/10/2020,August,b, 40,10,34438.3,75.6
Germany,All,8/10/2020,August,b, 50,10,32468.6,339.4
Germany,All,8/10/2020,August,b, 60,10,21470.5,928.7
Germany,All,8/10/2020,August,b, 70,10,15655.1,2055.3
Germany,All,8/10/2020,August,b, 80,10,15817.2,3754.9
Germany,All,8/10/2020,August,b, 90,10,5882.4,2042.7
Germany,All,8/10/2020,August,b,100,5,62.9,28.4
Germany,All,8/11/2020,August,b,  0,10,6937.9,1
Germany,All,8/11/2020,August,b, 10,10,10978.1,1.3
Germany,All,8/11/2020,August,b, 20,10,29547.7,7.7
Germany,All,8/11/2020,August,b, 30,10,45599.2,26.1
Germany,All,8/11/2020,August,b, 40,10,34601.6,75.6
Germany,All,8/11/2020,August,b, 50,10,32611,339.4
Germany,All,8/11/2020,August,b, 60,10,21523.9,928.6
Germany,All,8/11/2020,August,b, 70,10,15669.9,2055.4
Germany,All,8/11/2020,August,b, 80,10,15830,3755.8
Germany,All,8/11/2020,August,b, 90,10,5889.6,2043.8
Germany,All,8/11/2020,August,b,100,5,63,28.4
Germany,All,8/12/2020,August,b,  0,10,7089.1,1
Germany,All,8/12/2020,August,b, 10,10,11246.6,1.3
Germany,All,8/12/2020,August,b, 20,10,29911.1,7.7
Germany,All,8/12/2020,August,b, 30,10,45841.7,26.1
Germany,All,8/12/2020,August,b, 40,10,34795.4,75.8
Germany,All,8/12/2020,August,b, 50,10,32801,340.2
Germany,All,8/12/2020,August,b, 60,10,21598.9,929.2
Germany,All,8/12/2020,August,b, 70,10,15692.4,2054.8
Germany,All,8/12/2020,August,b, 80,10,15850.7,3757.7
Germany,All,8/12/2020,August,b, 90,10,5901,2047.9
Germany,All,8/12/2020,August,b,100,5,63.1,28.5
Germany,All,8/13/2020,August,b,  0,10,7216.3,1
Germany,All,8/13/2020,August,b, 10,10,11480.6,1.3
Germany,All,8/13/2020,August,b, 20,10,30277.4,7.7
Germany,All,8/13/2020,August,b, 30,10,46144.5,26.1
Germany,All,8/13/2020,August,b, 40,10,34995.9,75.8
Germany,All,8/13/2020,August,b, 50,10,32962.8,340.2
Germany,All,8/13/2020,August,b, 60,10,21655.8,929.2
Germany,All,8/13/2020,August,b, 70,10,15706.7,2054.8
Germany,All,8/13/2020,August,b, 80,10,15864.3,3758.1
Germany,All,8/13/2020,August,b, 90,10,5909.4,2048.4
Germany,All,8/13/2020,August,b,100,5,63.3,28.5
Germany,All,8/14/2020,August,b,  0,10,7316.5,1
Germany,All,8/14/2020,August,b, 10,10,11694.5,1.3
Germany,All,8/14/2020,August,b, 20,10,30623.2,7.7
Germany,All,8/14/2020,August,b, 30,10,46423.4,26.1
Germany,All,8/14/2020,August,b, 40,10,35169.7,75.8
Germany,All,8/14/2020,August,b, 50,10,33106.4,340.2
Germany,All,8/14/2020,August,b, 60,10,21714.1,929.2
Germany,All,8/14/2020,August,b, 70,10,15728.3,2054.8
Germany,All,8/14/2020,August,b, 80,10,15883.4,3758.1
Germany,All,8/14/2020,August,b, 90,10,5918.2,2048.4
Germany,All,8/14/2020,August,b,100,5,63.4,28.5
Germany,All,8/15/2020,August,b,  0,10,7386.3,1
Germany,All,8/15/2020,August,b, 10,10,11830.8,1.3
Germany,All,8/15/2020,August,b, 20,10,30799.5,7.7
Germany,All,8/15/2020,August,b, 30,10,46531.7,26.1
Germany,All,8/15/2020,August,b, 40,10,35261.7,75.8
Germany,All,8/15/2020,August,b, 50,10,33200.2,340.2
Germany,All,8/15/2020,August,b, 60,10,21751.7,929.1
Germany,All,8/15/2020,August,b, 70,10,15741,2054.9
Germany,All,8/15/2020,August,b, 80,10,15897.4,3759
Germany,All,8/15/2020,August,b, 90,10,5926.2,2049.5
Germany,All,8/15/2020,August,b,100,5,63.5,28.5
Germany,All,8/16/2020,August,b,  0,10,7424.7,1
Germany,All,8/16/2020,August,b, 10,10,11906.7,1.3
Germany,All,8/16/2020,August,b, 20,10,30910.6,7.7
Germany,All,8/16/2020,August,b, 30,10,46625.5,26.1
Germany,All,8/16/2020,August,b, 40,10,35336.5,75.8
Germany,All,8/16/2020,August,b, 50,10,33263.2,340.2
Germany,All,8/16/2020,August,b, 60,10,21771.6,929.3
Germany,All,8/16/2020,August,b, 70,10,15745,2055.7
Germany,All,8/16/2020,August,b, 80,10,15903.6,3760.4
Germany,All,8/16/2020,August,b, 90,10,5931,2050
Germany,All,8/16/2020,August,b,100,5,63.6,28.5
Germany,All,8/17/2020,August,b,  0,10,7543.9,1
Germany,All,8/17/2020,August,b, 10,10,12138.1,1.3
Germany,All,8/17/2020,August,b, 20,10,31309,7.7
Germany,All,8/17/2020,August,b, 30,10,46977.8,26.1
Germany,All,8/17/2020,August,b, 40,10,35537.5,75.8
Germany,All,8/17/2020,August,b, 50,10,33412.8,340.2
Germany,All,8/17/2020,August,b, 60,10,21831.3,929.3
Germany,All,8/17/2020,August,b, 70,10,15765.1,2055.7
Germany,All,8/17/2020,August,b, 80,10,15915.4,3761.4
Germany,All,8/17/2020,August,b, 90,10,5934.5,2051.1
Germany,All,8/17/2020,August,b,100,5,63.6,28.5
Germany,All,8/18/2020,August,b,  0,10,7661.4,1
Germany,All,8/18/2020,August,b, 10,10,12350.8,1.3
Germany,All,8/18/2020,August,b, 20,10,31698.8,7.7
Germany,All,8/18/2020,August,b, 30,10,47344.3,26.1
Germany,All,8/18/2020,August,b, 40,10,35732.9,75.8
Germany,All,8/18/2020,August,b, 50,10,33552.3,340.2
Germany,All,8/18/2020,August,b, 60,10,21894,929.4
Germany,All,8/18/2020,August,b, 70,10,15790.8,2056.6
Germany,All,8/18/2020,August,b, 80,10,15928.5,3764.2
Germany,All,8/18/2020,August,b, 90,10,5935.7,2053.3
Germany,All,8/18/2020,August,b,100,5,63.6,28.6
Germany,All,8/19/2020,August,b,  0,10,7767.6,1
Germany,All,8/19/2020,August,b, 10,10,12606,1.3
Germany,All,8/19/2020,August,b, 20,10,32168.9,7.7
Germany,All,8/19/2020,August,b, 30,10,47763.4,26.1
Germany,All,8/19/2020,August,b, 40,10,35952.9,75.8
Germany,All,8/19/2020,August,b, 50,10,33709,340.2
Germany,All,8/19/2020,August,b, 60,10,21961.6,929.4
Germany,All,8/19/2020,August,b, 70,10,15817.6,2056.6
Germany,All,8/19/2020,August,b, 80,10,15943.7,3764.2
Germany,All,8/19/2020,August,b, 90,10,5938.6,2053.3
Germany,All,8/19/2020,August,b,100,5,63.6,28.6
Germany,All,8/20/2020,August,b,  0,10,7876.9,1
Germany,All,8/20/2020,August,b, 10,10,12809.4,1.3
Germany,All,8/20/2020,August,b, 20,10,32586.7,7.7
Germany,All,8/20/2020,August,b, 30,10,48188.3,26.1
Germany,All,8/20/2020,August,b, 40,10,36161.6,75.8
Germany,All,8/20/2020,August,b, 50,10,33843.3,340.2
Germany,All,8/20/2020,August,b, 60,10,22025.8,929.7
Germany,All,8/20/2020,August,b, 70,10,15848.8,2057.3
Germany,All,8/20/2020,August,b, 80,10,15961.3,3764.6
Germany,All,8/20/2020,August,b, 90,10,5940.3,2052.8
Germany,All,8/20/2020,August,b,100,5,63.6,28.5
Germany,All,8/21/2020,August,b,  0,10,7995.8,1
Germany,All,8/21/2020,August,b, 10,10,13051.3,1.3
Germany,All,8/21/2020,August,b, 20,10,32994.6,7.7
Germany,All,8/21/2020,August,b, 30,10,48561.6,26.1
Germany,All,8/21/2020,August,b, 40,10,36395.5,75.8
Germany,All,8/21/2020,August,b, 50,10,34018.5,340.2
Germany,All,8/21/2020,August,b, 60,10,22089.1,929.7
Germany,All,8/21/2020,August,b, 70,10,15867.7,2057.3
Germany,All,8/21/2020,August,b, 80,10,15977,3764.6
Germany,All,8/21/2020,August,b, 90,10,5948.2,2052.8
Germany,All,8/21/2020,August,b,100,5,63.7,28.5
Germany,All,8/22/2020,August,b,  0,10,8060.2,1
Germany,All,8/22/2020,August,b, 10,10,13164.2,1.3
Germany,All,8/22/2020,August,b, 20,10,33220.2,7.7
Germany,All,8/22/2020,August,b, 30,10,48793,26.1
Germany,All,8/22/2020,August,b, 40,10,36514.3,75.8
Germany,All,8/22/2020,August,b, 50,10,34096.6,340.2
Germany,All,8/22/2020,August,b, 60,10,22125,929.7
Germany,All,8/22/2020,August,b, 70,10,15884.7,2057.3
Germany,All,8/22/2020,August,b, 80,10,15987.8,3764.6
Germany,All,8/22/2020,August,b, 90,10,5950.2,2052.8
Germany,All,8/22/2020,August,b,100,5,63.7,28.5
Germany,All,8/23/2020,August,b,  0,10,8105.4,1
Germany,All,8/23/2020,August,b, 10,10,13242.2,1.3
Germany,All,8/23/2020,August,b, 20,10,33359.1,7.7
Germany,All,8/23/2020,August,b, 30,10,48926.8,26.1
Germany,All,8/23/2020,August,b, 40,10,36589.9,75.8
Germany,All,8/23/2020,August,b, 50,10,34149.9,340.2
Germany,All,8/23/2020,August,b, 60,10,22146.5,929.7
Germany,All,8/23/2020,August,b, 70,10,15892.4,2057.3
Germany,All,8/23/2020,August,b, 80,10,15992,3764.6
Germany,All,8/23/2020,August,b, 90,10,5951.1,2052.8
Germany,All,8/23/2020,August,b,100,5,63.7,28.5
Germany,All,8/24/2020,August,b,  0,10,8198.8,1
Germany,All,8/24/2020,August,b, 10,10,13445.3,1.3
Germany,All,8/24/2020,August,b, 20,10,33724.5,7.7
Germany,All,8/24/2020,August,b, 30,10,49260.7,26.1
Germany,All,8/24/2020,August,b, 40,10,36774.3,75.7
Germany,All,8/24/2020,August,b, 50,10,34283.1,340.2
Germany,All,8/24/2020,August,b, 60,10,22202.8,930.2
Germany,All,8/24/2020,August,b, 70,10,15914.5,2058.8
Germany,All,8/24/2020,August,b, 80,10,16005.7,3765.6
Germany,All,8/24/2020,August,b, 90,10,5954.6,2051.9
Germany,All,8/24/2020,August,b,100,5,63.7,28.5
Germany,All,8/25/2020,August,b,  0,10,8292.7,1
Germany,All,8/25/2020,August,b, 10,10,13645.7,1.3
Germany,All,8/25/2020,August,b, 20,10,34093.4,7.7
Germany,All,8/25/2020,August,b, 30,10,49596.5,26.1
Germany,All,8/25/2020,August,b, 40,10,36952.8,75.7
Germany,All,8/25/2020,August,b, 50,10,34424,340.2
Germany,All,8/25/2020,August,b, 60,10,22279.3,930.2
Germany,All,8/25/2020,August,b, 70,10,15952.3,2058.8
Germany,All,8/25/2020,August,b, 80,10,16024.8,3765.6
Germany,All,8/25/2020,August,b, 90,10,5954.7,2051.9
Germany,All,8/25/2020,August,b,100,5,63.7,28.5
Germany,All,8/26/2020,August,b,  0,10,8387.9,1
Germany,All,8/26/2020,August,b, 10,10,13879.9,1.3
Germany,All,8/26/2020,August,b, 20,10,34504.3,7.7
Germany,All,8/26/2020,August,b, 30,10,49954.7,26.1
Germany,All,8/26/2020,August,b, 40,10,37152.2,75.7
Germany,All,8/26/2020,August,b, 50,10,34573.2,340.2
Germany,All,8/26/2020,August,b, 60,10,22343.6,930.5
Germany,All,8/26/2020,August,b, 70,10,15977.6,2059.5
Germany,All,8/26/2020,August,b, 80,10,16040.3,3766
Germany,All,8/26/2020,August,b, 90,10,5958.5,2051.4
Germany,All,8/26/2020,August,b,100,5,63.7,28.5
Germany,All,8/27/2020,August,b,  0,10,8472.4,1
Germany,All,8/27/2020,August,b, 10,10,14059.3,1.3
Germany,All,8/27/2020,August,b, 20,10,34859.4,7.7
Germany,All,8/27/2020,August,b, 30,10,50310.3,26.1
Germany,All,8/27/2020,August,b, 40,10,37343.9,75.7
Germany,All,8/27/2020,August,b, 50,10,34712.6,340.2
Germany,All,8/27/2020,August,b, 60,10,22412.2,930.5
Germany,All,8/27/2020,August,b, 70,10,16007.9,2059.5
Germany,All,8/27/2020,August,b, 80,10,16052.6,3766.5
Germany,All,8/27/2020,August,b, 90,10,5956.7,2052
Germany,All,8/27/2020,August,b,100,5,63.6,28.5
Germany,All,8/28/2020,August,b,  0,10,8525.7,1
Germany,All,8/28/2020,August,b, 10,10,14146.4,1.3
Germany,All,8/28/2020,August,b, 20,10,35041.9,7.7
Germany,All,8/28/2020,August,b, 30,10,50503.4,26.1
Germany,All,8/28/2020,August,b, 40,10,37437.5,75.7
Germany,All,8/28/2020,August,b, 50,10,34770.5,340.2
Germany,All,8/28/2020,August,b, 60,10,22441.5,930.5
Germany,All,8/28/2020,August,b, 70,10,16025.8,2059.5
Germany,All,8/28/2020,August,b, 80,10,16068,3766.5
Germany,All,8/28/2020,August,b, 90,10,5961.5,2052
Germany,All,8/28/2020,August,b,100,5,63.7,28.5
